#,Name,Price,1h %,24h %,7d %,Market Cap,Volume(24h),Circulating Supply,Last 7 Days
8,"Dogecoin
DOGE



Buy",$0.25 ,0.31%,4.28%,4.84%,"$37,399,070,111 ","$3,219,922,294
13.03B",151.28B DOGE,
22,"Shiba Inu
SHIB



Buy",$0.00 ,0.07%,3.74%,5.87%,"$7,009,928,812 ","$192,659,466
16.19T",589.24T SHIB,
34,"Pepe
PEPE



Buy",$0.06 ,0.10%,4.21%,10.53%,"$3,855,847,200 ","$501,396,825
54.73T",420.68T PEPE,
49,"MemeCore
M



Buy",$2.07 ,0.79%,1.15%,0.30%,"$2,159,235,974 ","$17,098,134
8.25M",1.03B M,
55,"Pudgy Penguins
PENGU



Buy",$0.03 ,0.02%,8.14%,4.77%,"$1,894,272,454 ","$425,762,638
14.13B",62.86B PENGU,
63,"Bonk
BONK



Buy",$0.00 ,0.01%,6.10%,8.78%,"$1,541,772,684 ","$268,934,831
14.22T",81.48T BONK,
64,"OFFICIAL TRUMP
TRUMP



Buy",$7.49 ,0.03%,1.92%,3.45%,"$1,499,948,906 ","$437,277,351
58.28M",199.99M TRUMP,
67,"SPX6900
SPX



Buy",$1.43 ,0.09%,7.94%,13.03%,"$1,332,385,390 ","$63,660,834
44.56M",930.99M SPX,
88,"FLOKI
FLOKI



Buy",$0.00 ,0.67%,6.62%,5.94%,"$887,844,774 ","$119,184,958
1.28T",9.53T FLOKI,
103,"dogwifhat
WIF



Buy",$0.70 ,0.13%,5.14%,11.25%,"$703,208,689 ","$183,106,955
260.10M",998.83M WIF,
111,"Fartcoin
FARTCOIN



Buy",$0.63 ,0.11%,6.18%,5.62%,"$631,926,330 ","$169,126,393
267.63M",999.99M FARTCOIN,
138,"Brett (Based)
BRETT



Buy",$0.04 ,0.08%,7.02%,9.34%,"$419,947,157 ","$50,480,657
1.19B",9.91B BRETT,
139,"ApeCoin
APE



Buy",$0.56 ,0.08%,4.47%,1.68%,"$419,015,320 ","$27,878,078
50.07M",752.65M APE,
140,"Toshi
TOSHI



Buy",$0.00 ,0.28%,3.10%,19.65%,"$412,514,401 ","$161,836,354
165.03B",420.67B TOSHI,
149,"Useless Coin
USELESS



Buy",$0.38 ,2.72%,4.79%,63.44%,"$374,970,804 ","$148,378,190
395.34M",999.09M USELESS,
153,"Cheems (cheems.pet)
CHEEMS



Buy",$0.05 ,0.44%,7.90%,71.11%,"$360,604,334 ","$89,182,434
46.37T",187.49T CHEEMS,
175,"Snek
SNEK



Buy",$0.00 ,0.05%,3.33%,6.46%,"$292,707,905 ","$5,791,249
1.47B",74.67B SNEK,
179,"Mog Coin
MOG



Buy",$0.07 ,0.14%,10.58%,16.42%,"$275,654,789 ","$17,020,430
24.11T",390.56T MOG,
188,"BUILDon
B



Buy",$0.25 ,0.61%,2.72%,16.54%,"$248,369,976 ","$33,037,499
133.01M",1B B,
191,"Turbo
TURBO



Buy",$0.00 ,0.13%,4.85%,8.81%,"$243,217,416 ","$27,416,238
7.77B",69B TURBO,
193,"cat in a dogs world
MEW



Buy",$0.00 ,0.08%,6.46%,9.29%,"$229,506,891 ","$29,163,121
11.29B",88.88B MEW,
196,"Popcat (SOL)
POPCAT



Buy",$0.22 ,0.25%,7.90%,7.34%,"$217,783,792 ","$31,266,314
140.69M",979.97M POPCAT,
198,"Baby Doge Coin
BabyDoge



Buy",$0.08 ,0.17%,6.00%,4.13%,"$215,429,904 ","$17,027,583
13.43P",169.96P BabyDoge,
200,"Dog (Bitcoin)
DOG



Buy",$0.00 ,0.22%,6.37%,18.13%,"$212,123,079 ","$9,354,805
4.41B",100B DOG,
215,"Loaded Lions
LION



Buy",$0.01 ,0.51%,3.95%,13.88%,"$448,587,043 ","$1,028,400
70.71M",30.84B LION,
217,"AI Companions
AIC



Buy",$0.51 ,0.60%,0.51%,57.07%,"$378,941,898 ","$8,338,604
16.50M",749.99M AIC,
224,"Ribbita by Virtuals
TIBBIR



Buy",$0.26 ,0.02%,6.66%,9.33%,"$260,868,362 ","$1,930,769
7.40M",1B TIBBIR,
225,"币安人生
币安人生



Buy",$0.25 ,5.00%,31.95%,199.12%,"$249,978,571 ","$484,018,390
1.96B",1B 币安人生,
243,"Peanut the Squirrel
PNUT



Buy",$0.20 ,0.08%,5.62%,9.76%,"$201,997,801 ","$47,083,504
233.21M",999.85M PNUT,
260,"Rekt (rektcoin.com)
REKT



Buy",$0.07 ,0.46%,2.93%,7.74%,"$182,072,016 ","$3,121,281
4.78T",279.03T REKT,
269,"DORA
DORA



Buy",$0.17 ,0.73%,11.24%,14.07%,"$169,516,229 ","$8,109,187
47.36M",990.08M DORA,
270,"4
4



Buy",$0.17 ,3.91%,28.19%,30.58%,"$168,004,622 ","$354,382,972
2.09B",1B 4,
281,"Notcoin
NOT



Buy",$0.00 ,0.30%,4.97%,5.60%,"$153,635,820 ","$38,993,457
25.23B",99.43B NOT,
282,"Official Melania Meme
MELANIA



Buy",$0.17 ,0.15%,4.15%,6.31%,"$152,829,987 ","$5,533,457
32.13M",887.49M MELANIA,
286,"Moo Deng (moodengsol.com)
MOODENG



Buy",$0.15 ,0.08%,6.29%,7.56%,"$148,774,160 ","$38,847,506
258.49M",989.97M MOODENG,
306,"Memecoin
MEME



Buy",$0.00 ,0.06%,5.61%,8.76%,"$135,466,972 ","$38,967,859
16.42B",57.12B MEME,
307,"Non-Playable Coin
NPC



Buy",$0.02 ,1.75%,6.62%,9.95%,"$133,536,373 ","$8,713,896
491.59M",7.52B NPC,
311,"YZY MONEY
YZY



Buy",$0.43 ,0.36%,2.17%,1.62%,"$127,531,013 ","$7,900,149
18.58M",299.99M YZY,
316,"TROLL (SOL)
TROLL



Buy",$0.13 ,0.14%,4.88%,23.51%,"$125,138,483 ","$10,126,057
81.01M",998.94M TROLL,
350,"Neiro
NEIRO



Buy",$0.00 ,0.04%,5.88%,8.43%,"$112,142,875 ","$46,077,347
172.91B",420.68B NEIRO,
353,"BOOK OF MEME
BOME



Buy",$0.00 ,0.36%,5.86%,8.17%,"$111,696,765 ","$30,933,892
19.09B",68.89B BOME,
370,"Gigachad
GIGA



Buy",$0.01 ,0.23%,4.36%,12.02%,"$100,949,015 ","$2,902,463
267.36M",9.3B GIGA,
374,"GOHOME
GOHOME



Buy",$198.52 ,0.04%,2.07%,5.37%,"$99,240,800 ","$4,103,693
20.66K",499.89K GOHOME,
379,"ai16z
AI16Z



Buy",$0.09 ,0.24%,11.51%,11.57%,"$96,397,599 ","$39,471,803
450.82M",1.09B AI16Z,
393,"HarryPotterObamaSonic10Inu (ERC-20)
BITCOIN



Buy",$0.09 ,0.32%,10.20%,2.58%,"$91,264,005 ","$8,277,294
90.85M",999.79M BITCOIN,
409,"Osaka Protocol
OSAK



Buy",$0.06 ,0.22%,13.28%,18.43%,"$85,305,470 ","$105,042
924.58B",750.86T OSAK,
415,"ConstitutionDAO
PEOPLE



Buy",$0.02 ,0.10%,7.18%,9.22%,"$83,516,184 ","$34,221,987
2.07B",5.06B PEOPLE,
416,"Giggle Fund
GIGGLE



Buy",$84.72 ,4.43%,43.74%,100.93%,"$84,724,559 ","$146,641,746
1.75M",1M GIGGLE,
424,"Goatseus Maximus
GOAT



Buy",$0.08 ,0.05%,6.12%,8.26%,"$81,058,817 ","$16,739,473
206.76M",999.99M GOAT,
429,"Wiki Cat
WKC



Buy",$0.06 ,0.40%,8.97%,19.40%,"$80,156,437 ","$905,028
6.13T",545.84T WKC,
445,"Jelly-My-Jelly
JELLYJELLY



Buy",$0.08 ,0.34%,0.81%,49.63%,"$76,370,492 ","$10,860,969
141.93M",999.99M JELLYJELLY,
448,"Bertram The Pomeranian
BERT



Buy",$0.08 ,0.30%,0.76%,11.92%,"$75,622,131 ","$4,780,423
61.01M",966.74M BERT,
450,"Aura
AURA



Buy",$0.08 ,2.42%,13.82%,33.19%,"$74,729,910 ","$2,486,741
32.03M",963.28M AURA,
455,"Tutorial
TUT



Buy",$0.09 ,0.46%,0.30%,5.95%,"$73,669,119 ","$22,368,642
254.08M",837.61M TUT,
459,"siren
SIREN



Buy",$0.10 ,0.07%,14.25%,0.17%,"$72,809,422 ","$4,256,948
42.71M",730.88M SIREN,
475,"Comedian
BAN



Buy",$0.07 ,0.66%,0.09%,2.63%,"$69,440,484 ","$14,820,219
213.49M",999.96M BAN,
487,"Ape and Pepe
APEPE



Buy",$0.05 ,0.08%,14.33%,24.92%,"$65,371,714 ","$24,352,128
13.93T",37.39T APEPE,
517,"Simon's Cat
CAT



Buy",$0.06 ,0.30%,9.44%,4.14%,"$60,744,452 ","$17,240,238
2.13T",7.52T CAT,
524,"DOGS
DOGS



Buy",$0.00 ,0.17%,2.92%,7.73%,"$60,081,690 ","$37,113,135
319.38B",516.75B DOGS,
525,"Vine Coin
VINE



Buy",$0.06 ,0.49%,10.53%,3.52%,"$59,940,750 ","$16,388,805
273.41M",999.99M VINE,
528,"Pythia
PYTHIA



Buy",$0.06 ,0.22%,5.71%,27.45%,"$59,592,538 ","$1,960,794
32.84M",998.37M PYTHIA,
532,"Degen
DEGEN



Buy",$0.00 ,0.01%,6.23%,10.93%,"$58,339,090 ","$12,081,952
4.44B",21.44B DEGEN,
559,"Banana For Scale
BANANAS31



Buy",$0.01 ,0.21%,8.24%,2.40%,"$52,787,752 ","$18,112,764
3.43B",10B BANANAS31,
569,"Artificial Liquid Intelligence
ALI



Buy",$0.01 ,0.58%,5.34%,8.07%,"$51,361,301 ","$2,295,389
407.49M",9.11B ALI,
582,"EGL1
EGL1



Buy",$0.05 ,0.75%,14.52%,24.16%,"$49,547,514 ","$33,869,310
676.86M",1B EGL1,
585,"Dogelon Mars
ELON



Buy",$0.08 ,0.20%,5.34%,12.31%,"$49,627,261 ","$4,048,981
44.82T",549.65T ELON,
613,"LOOK
LOOK



Buy",$0.05 ,0.46%,21.85%,56.83%,"$46,764,907 ","$1,940,661
38.29M",922.37M LOOK,
614,"Ponke
PONKE



Buy",$0.08 ,0.15%,7.41%,9.56%,"$46,613,294 ","$10,055,446
119.84M",555.54M PONKE,
619,"ANDY (ETH)
ANDY



Buy",$0.00 ,0.00%,4.59%,14.01%,"$45,395,625 ","$927,896
20.42B",1T ANDY,
620,"Nobody Sausage
NOBODY



Buy",$0.05 ,0.38%,2.25%,16.30%,"$45,534,924 ","$5,954,723
123.06M",936.06M NOBODY,
639,"Apu Apustaja
APU



Buy",$0.00 ,0.17%,8.61%,5.34%,"$42,728,477 ","$886,398
7.01B",337.89B APU,
659,"Just a chill guy
CHILLGUY



Buy",$0.04 ,0.30%,8.89%,5.23%,"$39,965,135 ","$10,729,896
268.86M",999.95M CHILLGUY,
662,"SLERF
SLERF



Buy",$0.08 ,0.95%,4.71%,7.21%,"$39,355,897 ","$626,951
7.96M",499.99M SLERF,
665,"PePeonTron
PEPEONTRON



Buy",$0.04 ,0.06%,0.74%,11.23%,"$39,225,060 ","$339,410
8.65M",999.99M PEPEONTRON,
699,"PepeCoin
PEPECOIN



Buy",$0.34 ,0.06%,5.15%,12.20%,"$36,044,815 ","$386,786
1.14M",107.05M PEPECOIN,
675,"币安Holder
BNBHOLDER



Buy",$0.04 ,30.85%,48.13%,48.13%,"$37,218,966 ","$530,905,967
14.77B",1B BNBHOLDER,
701,"CZ's Dog
BROCCOLI



Buy",$0.04 ,1.23%,20.07%,18.37%,"$35,659,427 ","$32,849,095
893.95M",971.97M BROCCOLI,
712,"Fartboy
FARTBOY



Buy",$0.03 ,0.36%,7.79%,6.67%,"$34,394,420 ","$151,178
4.39M",999.44M FARTBOY,
713,"Manyu (manyushiba.com)
MANYU



Buy",$0.07 ,0.36%,4.29%,11.72%,"$34,353,828 ","$7,330,161
213.37T",1P MANYU,
714,"Mubarak
MUBARAK



Buy",$0.03 ,0.55%,14.60%,5.54%,"$34,354,258 ","$47,161,475
1.37B",1B MUBARAK,
719,"sudeng
HIPPO



Buy",$0.00 ,0.42%,4.68%,3.98%,"$33,668,416 ","$12,088,407
3.59B",10B HIPPO,
718,"Palu
PALU



Buy",$0.03 ,14.92%,59.27%,58.92%,"$33,619,672 ","$171,940,655
5.08B",1B PALU,
733,"Landwolf 0x67
WOLF



Buy",$0.00 ,0.17%,6.62%,16.31%,"$32,210,625 ","$1,591,277
44.56B",902.15B WOLF,
736,"Torch of Liberty
LIBERTY



Buy",$0.03 ,0.19%,7.96%,22.37%,"$31,867,098 ","$3,019,810
94.26M",1B LIBERTY,
741,"Fwog (SOL)
FWOG



Buy",$0.03 ,1.04%,4.98%,6.34%,"$31,709,785 ","$2,446,320
75.26M",975.63M FWOG,
747,"MOMOFUN
MM



Buy",$0.00 ,0.67%,10.20%,8.86%,"$31,548,151 ","$8,307,680
2.05B",7.8B MM,
746,"SUNDOG
SUNDOG



Buy",$0.03 ,0.58%,19.47%,0.43%,"$31,683,197 ","$25,584,318
808.43M",997.42M SUNDOG,
743,"客服小何
客服小何



Buy",$0.03 ,9.33%,45.87%,35.49%,"$32,411,375 ","$154,703,860
4.90B",1B 客服小何,
748,"Coq Inu
COQ



Buy",$0.06 ,0.28%,3.30%,8.14%,"$31,380,353 ","$4,078,568
9.02T",69.42T COQ,
757,"Ski Mask Dog
SKI



Buy",$0.03 ,0.07%,11.57%,12.83%,"$30,889,362 ","$995,711
31.87M",989.39M SKI,
760,"Bone ShibaSwap
BONE



Buy",$0.13 ,0.28%,3.85%,4.15%,"$30,804,756 ","$3,977,621
29.69M",229.92M BONE,
762,"Test
TST



Buy",$0.03 ,0.11%,18.37%,8.52%,"$30,698,534 ","$42,147,575
1.29B",945.37M TST,
769,"Act I : The AI Prophecy
ACT



Buy",$0.03 ,0.01%,6.95%,5.26%,"$30,254,752 ","$30,656,374
961.00M",948.24M ACT,
775,"Pepecoin
PEP



Buy",$0.00 ,0.57%,0.13%,0.49%,"$29,717,662 ","$199,854
671.32M",99.83B PEP,
779,"SKYAI
SKYAI



Buy",$0.03 ,0.67%,6.87%,2.07%,"$29,436,321 ","$11,593,066
393.37M",1B SKYAI,
786,"Unstable Coin (usduc.org)
USDUC



Buy",$0.03 ,7.97%,17.35%,32.25%,"$29,182,379 ","$4,887,226
169.07M",999.91M USDUC,
792,"CREPE
CREPE



Buy",$0.00 ,2.42%,1.81%,99.14%,"$28,317,474 ","$3,255,652
66.89B",580.81B CREPE,
813,"Wen
WEN



Buy",$0.00 ,0.22%,7.46%,5.32%,"$27,367,635 ","$5,755,893
153.01B",727.71B WEN,
814,"MORI COIN
MORI



Buy",$0.03 ,0.07%,6.56%,17.30%,"$27,285,352 ","$10,830,692
317.80M",800M MORI,
819,"noice
NOICE



Buy",$0.00 ,5.61%,8.16%,24.74%,"$25,603,563 ","$10,643,871
23.38B",58.7B NOICE,
832,"nubcat
NUB



Buy",$0.03 ,0.72%,2.66%,22.23%,"$25,799,338 ","$964,589
35.51M",950M NUB,
841,"Keyboard Cat
KEYCAT



Buy",$0.00 ,0.05%,12.93%,23.62%,"$25,196,448 ","$1,839,947
730.24M",10B KEYCAT,
846,"Real
REAL



Buy",$0.03 ,0.56%,39.07%,71.07%,"$24,941,956 ","$1,672,277
66.72M",995.22M REAL,
855,"AGENDA 47
A47



Buy",$0.02 ,0.11%,2.01%,9.33%,"$24,363,310 ","$5,431,098
222.91M",999.99M A47,
863,"doginme
DOGINME



Buy",$0.00 ,1.93%,6.04%,12.62%,"$23,846,276 ","$1,246,513
3.53B",67.61B DOGINME,
874,"GameStop (gamestop-coin.vip)
GME



Buy",$0.00 ,0.28%,8.39%,20.28%,"$22,847,999 ","$232,369
4.18B",411.29B GME,
881,"BOBO
BOBO



Buy",$0.06 ,0.04%,4.04%,12.49%,"$22,641,772 ","$1,223,147
3.57T",66.13T BOBO,
890,"noice
NOICE



Buy",$0.00 ,9.86%,12.79%,30.20%,"$26,723,881 ","$10,722,496
28.43B",58.7B NOICE,
891,"DOWGE
DJI6930



Buy",$0.02 ,0.17%,2.94%,3.39%,"$21,988,010 ","$1,022,785
46.51M",999.97M DJI6930,
917,"Pikaboss
PIKA



Buy",$0.07 ,0.04%,1.32%,4.01%,"$20,446,592 ","$572
11.76B",420.69T PIKA,
918,"pippin
PIPPIN



Buy",$0.02 ,1.10%,1.21%,2.65%,"$20,408,369 ","$7,653,039
374.99M",999.99M PIPPIN,
919,"Uranus
URANUS



Buy",$0.20 ,0.81%,1.81%,18.22%,"$20,383,512 ","$3,530,543
17.31M",99.99M URANUS,
924,"Araracoin
ARARA



Buy",$0.00 ,0.11%,0.57%,0.23%,"$20,016,110 ","$310,800
562.87M",36.25B ARARA,
940,"Mr Miggles
MIGGLES



Buy",$0.02 ,0.67%,7.27%,18.59%,"$19,206,309 ","$1,801,094
89.77M",957.37M MIGGLES,
941,"Joe coin
JOE



Buy",$0.02 ,0.13%,4.47%,19.37%,"$19,179,253 ","$464,110
24.19M",1B JOE,
958,"AVA
AVA



Buy",$0.02 ,1.96%,4.32%,2.11%,"$18,338,309 ","$1,195,966
65.21M",999.99M AVA,
964,"Zerebro
ZEREBRO



Buy",$0.02 ,0.62%,2.33%,1.84%,"$18,038,448 ","$6,784,663
376.10M",999.95M ZEREBRO,
972,"Unicorn Fart Dust
UFD



Buy",$0.02 ,0.32%,3.52%,14.50%,"$17,747,564 ","$5,597,698
315.40M",1B UFD,
975,"Build On BNB
BOB



Buy",$0.07 ,0.92%,9.76%,5.04%,"$17,402,076 ","$14,629,988
353.67T",420.69T BOB,
978,"RichQUACK.com
QUACK



Buy",$0.09 ,0.98%,2.41%,7.20%,"$17,356,062 ","$238,322
605.35T",44.08P QUACK,
980,"Myro
MYRO



Buy",$0.02 ,1.12%,1.66%,11.55%,"$17,217,673 ","$3,053,497
167.45M",944.2M MYRO,
994,"Fair and Free
FAIR3



Buy",$0.02 ,1.29%,1.07%,32.37%,"$16,770,978 ","$789,803
44.07M",935.81M FAIR3,
995,"Book of Ethereum
BOOE



Buy",$0.17 ,0.25%,3.62%,18.06%,"$16,730,743 ","$254,204
1.46M",96.19M BOOE,
997,"Wojak
WOJAK



Buy",$0.00 ,0.15%,3.13%,17.07%,"$16,648,857 ","$1,031,382
4.29B",69.4B WOJAK,
998,"crow with knife
CAW



Buy",$0.07 ,0.81%,0.26%,9.68%,"$16,647,955 ","$225,525
10.42T",769.86T CAW,
999,"Bulla
BULLA



Buy",$0.06 ,0.21%,4.78%,12.06%,"$16,414,416 ","$5,597,924
95.49M",280M BULLA,
1001,"Kekius Maximus (kekiusmaximus.vip)
KEKIUS



Buy",$0.02 ,0.17%,3.44%,10.24%,"$16,393,754 ","$2,610,423
159.23M",1B KEKIUS,
1009,"PUP (pupxbnb.com)
PUP



Buy",$0.02 ,9.52%,28.29%,28.29%,"$16,020,667 ","$48,963,050
3.05B",1B PUP,
1010,"BORGY
BORGY



Buy",$0.00 ,0.00%,5.15%,24.52%,"$16,021,477 ","$99,701
482.76M",77.57B BORGY,
1011,"LOFI
LOFI



Buy",$0.02 ,0.44%,10.51%,25.86%,"$15,980,724 ","$4,198,471
262.72M",1B LOFI,
1012,"Daddy Tate
DADDY



Buy",$0.03 ,0.32%,4.57%,11.49%,"$15,937,593 ","$734,086
27.61M",599.63M DADDY,
1021,"Milady Meme Coin
LADYS



Buy",$0.07 ,0.52%,1.13%,11.57%,"$15,569,239 ","$3,036,098
143.20T",734.36T LADYS,
1024,"PepeFork
PORK



Buy",$0.07 ,2.60%,2.47%,1.66%,"$15,482,857 ","$488,747
12.86T",407.62T PORK,
1029,"Liberals Tears
TEARS



Buy",$0.02 ,0.00%,13.30%,14.25%,"$15,403,137 ",--,999.99M TEARS,
1031,"Donkey (DONKEY_BSC_MEME)
DONKEY



Buy",$0.02 ,0.48%,9.61%,38.42%,"$15,384,903 ","$9,081,305
590.27M",1B DONKEY,
1042,"ArbDoge AI
AIDOGE



Buy",$0.01 ,0.07%,3.57%,6.47%,"$14,891,007 ","$4,690,005
54.94P",174.45P AIDOGE,
1045,"Pitbull
PIT



Buy",$0.09 ,0.45%,5.29%,13.56%,"$14,846,083 ","$149,069
403.56T",40.19P PIT,
1063,"Amaterasu Omikami
OMIKAMI



Buy",$0.02 ,0.23%,2.22%,9.86%,"$14,266,871 ","$190,396
12.63M",946.97M OMIKAMI,
1071,"Ai Xovia
AIX



Buy",$3.85 ,1.16%,2.77%,25.09%,"$13,985,742 ","$6,556,828
1.69M",3.62M AIX,
1081,"PeiPei (ETH)
PEIPEI



Buy",$0.07 ,0.32%,5.22%,0.18%,"$13,674,576 ","$1,424,372
43.81T",420.68T PEIPEI,
1082,"Moby
MOBY



Buy",$0.01 ,0.60%,0.55%,10.22%,"$13,615,786 ","$3,808,185
279.68M",999.97M MOBY,
1089,"WHY
WHY



Buy",$0.07 ,1.03%,5.25%,2.41%,"$13,388,268 ","$828,415
25.98T",420T WHY,
1091,"Broccoli (firstbroccoli.com)
BROCCOLI



Buy",$0.01 ,0.98%,13.66%,26.32%,"$13,306,282 ","$3,488,737
262.18M",1B BROCCOLI,
1094,"Vita Inu
VINU



Buy",$0.07 ,0.23%,7.63%,2.20%,"$13,219,540 ","$483,596
32.90T",899.59T VINU,
1095,"Purple Pepe
$PURPE



Buy",$0.00 ,0.75%,4.43%,14.49%,"$13,199,968 ","$1,940,198
61.32B",417.21B $PURPE,
1098,"Kendu
KENDU



Buy",$0.00 ,0.18%,2.43%,19.08%,"$13,126,871 ","$31,438
2.27B",948.42B KENDU,
1107,"NDQ666
NDQ



Buy",$0.01 ,1.07%,23.41%,27.32%,"$12,638,063 ","$626,119
49.54M",1B NDQ,
1113,"TokenFi
TOKEN



Buy",$0.01 ,1.25%,0.07%,5.66%,"$12,420,420 ","$3,344,989
269.31M",1B TOKEN,
1114,"Jager Hunter
JAGER



Buy",$0.10 ,1.76%,11.25%,48.22%,"$12,392,998 ","$1,288,612
1.40P",13.54P JAGER,
1132,"Koma Inu
KOMA



Buy",$0.02 ,1.02%,32.82%,19.19%,"$11,802,678 ","$49,859,753
2.05B",486.59M KOMA,
1133,"New XAI gork
gork



Buy",$0.01 ,1.82%,16.16%,9.75%,"$11,772,867 ","$13,885,769
1.17B",999.99M gork,
1139,"Basenji
BENJI



Buy",$0.01 ,0.61%,4.87%,9.73%,"$11,663,511 ","$3,207,685
275.01M",1B BENJI,
1142,"Smart Pocket
SP



Buy",$0.01 ,13.50%,54.10%,26.52%,"$11,608,079 ","$477,627
42.81M",1.04B SP,
1152,"HOSKY Token
HOSKY



Buy",$0.07 ,0.06%,2.02%,7.46%,"$11,357,246 ","$60,669
1.21T",227.99T HOSKY,
1168,"MANEKI
MANEKI



Buy",$0.00 ,1.58%,1.89%,5.69%,"$10,824,622 ","$5,562,971
4.55B",8.85B MANEKI,
1190,"Bellscoin
BELLS



Buy",$0.17 ,0.04%,0.05%,7.01%,"$10,328,049 ","$120,034
710.12K",61.1M BELLS,
1194,"RETARDIO
RETARDIO



Buy",$0.01 ,0.50%,0.55%,17.92%,"$10,235,509 ","$647,656
61.73M",975.67M RETARDIO,
1199,"Luna by Virtuals
LUNA



Buy",$0.01 ,1.56%,4.02%,8.94%,"$10,048,354 ","$51,785
5.15M",1B LUNA,
1202,"CateCoin
CATE



Buy",$0.06 ,0.08%,1.48%,23.03%,"$9,966,736 ","$1,634,585
9.39T",57.27T CATE,
1216,"VaderAI by Virtuals
VADER



Buy",$0.01 ,0.65%,24.92%,10.35%,"$9,592,830 ","$1,120,669
116.44M",996.73M VADER,
1222,"Hyperpigmentation
HYPER



Buy",$0.01 ,0.93%,8.80%,20.59%,"$9,431,257 ","$27,401
2.89M",996.64M HYPER,
1225,"San Chan
SAN



Buy",$0.01 ,0.54%,0.25%,19.55%,"$9,400,217 ","$570,858
57.20M",941.95M SAN,
1233,"Priceless
PRICELESS



Buy",$0.01 ,3.79%,39.09%,36.69%,"$9,265,539 ","$14,724,598
1.58B",1B PRICELESS,
1234,"Dust
DUST



Buy",$0.01 ,2.82%,1.46%,145.47%,"$9,295,668 ","$12,790,397
1.37B",1B DUST,
1244,"Smog
SMOG



Buy",$0.01 ,0.00%,2.86%,5.60%,"$9,069,064 ",--,778.99M SMOG,
1251,"Light
LIGHT



Buy",$0.02 ,0.61%,6.55%,98.08%,"$8,971,943 ","$197,585
11.16M",507.1M LIGHT,
1252,"SIGMA
SIGMA



Buy",$0.01 ,0.71%,3.14%,1.15%,"$8,943,402 ","$1,190,567
119.79M",899.84M SIGMA,
1261,"Doge Killer
LEASH



Buy",$0.52 ,1.91%,5.47%,52.88%,"$8,685,869 ","$249,466
477.52K",16.62M LEASH,
1275,"michi (SOL)
$MICHI



Buy",$0.02 ,0.90%,8.11%,18.35%,"$8,397,060 ","$3,282,314
217.24M",555.76M $MICHI,
1281,"Wall Street Pepe
WEPE



Buy",$0.00 ,0.05%,1.32%,19.00%,"$8,246,967 ","$771,390
18.70B",200B WEPE,
1288,"Phoenix
PHNIX



Buy",$0.00 ,0.14%,0.02%,13.19%,"$8,198,815 ","$297,293
19.21B",529.99B PHNIX,
1297,"Volt Inu
VOLT



Buy",$0.06 ,0.29%,2.82%,3.41%,"$7,964,010 ","$316,204
2.17T",54.76T VOLT,
1298,"Hosico
HOSICO



Buy",$0.01 ,1.49%,4.25%,1.61%,"$7,946,124 ","$1,171,336
147.40M",999.99M HOSICO,
1300,"WUFFI
WUF



Buy",$0.08 ,0.12%,1.68%,6.01%,"$7,872,557 ","$23,466
246.07B",82.55T WUF,
1307,"KiboShib
KIBSHI



Buy",$0.06 ,0.31%,6.14%,7.92%,"$7,774,598 ","$108,740
13.98B",1T KIBSHI,
1309,"Wall St. Bull
WBULL



Buy",$0.01 ,2.24%,35.48%,46.81%,"$7,753,445 ","$2,453,228
316.40M",1B WBULL,
1314,"Pups (Bitcoin)
PUPS



Buy",$0.01 ,1.08%,1.81%,14.65%,"$7,666,891 ","$60,917
7.69M",968.44M PUPS,
1316,"GmeStop
GME



Buy",$0.00 ,0.09%,1.29%,9.57%,"$7,595,270 ","$1,326,892
1.20B",6.88B GME,
1321,"CatCoin
CAT



Buy",$0.09 ,14.71%,6.32%,40.31%,"$7,473,693 ","$2,613,890
17.48P",50P CAT,
1322,"Central African Republic Meme
CAR



Buy",$0.01 ,1.08%,0.37%,0.36%,"$7,440,614 ","$1,138,745
152.57M",996.96M CAR,
1328,"MonaCoin
MONA



Buy",$0.11 ,0.16%,1.11%,5.83%,"$7,309,688 ","$22,690
204.03K",65.72M MONA,
1343,"Jerry The Turtle By Matt Furie
JYAI



Buy",$0.00 ,1.20%,8.55%,18.04%,"$7,130,165 ","$15,051,260
145.65B",69B JYAI,
1344,"ShibaBitcoin
SBBTC



Buy",$61.14 ,0.01%,2.00%,0.00%,"$7,129,003 ","$459,898
7.52K",116.58K SBBTC,
1345,"FEED EVERY GORILLA
FEG



Buy",$0.00 ,0.74%,6.43%,7.54%,"$7,121,773 ","$329,988
3.92B",84.63B FEG,
1354,"Pain (paintoken.com)
PAIN



Buy",$1.40 ,0.03%,1.44%,3.32%,"$7,013,150 ","$52,123
37.16K",4.99M PAIN,
1359,"Midas The Minotaur
MIDAS



Buy",$0.00 ,2.59%,4.53%,44.33%,"$6,959,443 ","$262,795
335.65M",8.88B MIDAS,
1360,"Mochi (New)
MOCHI



Buy",$0.06 ,1.45%,7.45%,0.91%,"$6,947,012 ","$63,948
8.63B",937.63B MOCHI,
1361,"Rizzmas
RIZZMAS



Buy",$0.00 ,1.17%,2.42%,14.47%,"$6,892,340 ","$163,699
11.81B",497.31B RIZZMAS,
1363,"Wise Monkey
MONKY



Buy",$0.07 ,0.75%,3.95%,1.86%,"$6,869,616 ","$267,741
331.28B",8.5T MONKY,
1364,"Housecoin
HOUSE



Buy",$0.01 ,1.19%,4.81%,19.68%,"$6,848,651 ","$9,921,778
1.44B",998.61M HOUSE,
1370,"YURU COIN
YURU



Buy",$0.88 ,0.16%,6.50%,9.76%,"$6,763,381 ","$777,828
881.28K",7.66M YURU,
1378,"Stonks
STNK



Buy",$11.38 ,1.22%,8.87%,22.66%,"$6,616,287 ","$112,371
9.86K",581.09K STNK,
1387,"MIA
MIA



Buy",$0.06 ,0.61%,1.61%,1.06%,"$6,464,014 ","$40,140
690.85K",111.25M MIA,
1388,"Grok
GROK



Buy",$0.00 ,0.23%,0.05%,8.75%,"$6,448,432 ","$2,525,746
2.47B",6.32B GROK,
1401,"Billy (Bitcoin)
BILLY



Buy",$0.01 ,1.24%,18.47%,0.59%,"$6,198,298 ","$50,804
8.19M",1B BILLY,
1404,"American Coin
USA



Buy",$0.07 ,0.98%,5.02%,21.28%,"$6,179,433 ","$1,894,270
3.54T",11.56T USA,
1407,"Jesus Coin
JESUS



Buy",$0.07 ,0.10%,5.98%,10.48%,"$6,129,691 ","$11,381
281.15B",151.42T JESUS,
1409,"Boop
BOOP



Buy",$0.02 ,0.11%,0.69%,1.95%,"$6,113,209 ","$808,371
40.26M",304.52M BOOP,
1421,"LOBO•THE•WOLF•PUP (Bitcoin)
LOBO



Buy",$0.00 ,0.62%,5.96%,11.62%,"$6,046,718 ","$374,127
1.08B",17.5B LOBO,
1422,"KoKoK The Roach
KOKOK



Buy",$0.03 ,0.58%,0.07%,11.53%,"$6,040,077 ","$645,477
21.37M",199.99M KOKOK,
1427,"MOO DENG (moodeng.vip)
MOODENG



Buy",$0.00 ,0.89%,4.82%,21.94%,"$6,005,350 ","$6,371,005
433.38B",408.5B MOODENG,
1432,"Mother Iggy
MOTHER



Buy",$0.01 ,2.29%,8.57%,20.37%,"$5,916,377 ","$376,153
62.69M",986.14M MOTHER,
1436,"Not Pixel
PX



Buy",$0.03 ,0.81%,3.81%,10.01%,"$5,889,043 ","$69,854
2.11M",178.2M PX,
1445,"Gochujangcoin
GOCHU



Buy",$0.07 ,1.16%,5.11%,26.88%,"$5,766,565 ","$175,726
340.63B",11.17T GOCHU,
1446,"Kishu Inu
KISHU



Buy",$0.01 ,0.08%,6.35%,10.18%,"$5,750,852 ","$152,059
2.46P",93.13P KISHU,
1460,"Hoge Finance
HOGE



Buy",$0.00 ,0.46%,0.38%,26.31%,"$5,574,537 ","$5,490
387.40M",393.4B HOGE,
1462,"Neiro Ethereum
NEIRO



Buy",$0.01 ,0.61%,4.89%,0.09%,"$5,546,015 ","$827,392
149.18M",1B NEIRO,
1463,"Russell
RUSSELL



Buy",$0.01 ,0.19%,25.27%,3.51%,"$5,547,906 ","$259,852
45.47M",970.98M RUSSELL,
1465,"Hoppy
HOPPY



Buy",$0.00 ,0.10%,6.57%,17.38%,"$5,533,752 ","$2,477,673
188.35B",420.69B HOPPY,
1471,"MAGA (magamemecoin.com)
TRUMP



Buy",$0.12 ,0.49%,4.65%,4.04%,"$5,445,910 ","$52,773
426.35K",43.99M TRUMP,
1484,"DogeBonk
DOBO



Buy",$0.09 ,0.00%,2.79%,13.31%,"$5,218,006 ",--,582.95T DOBO,
1494,"Roaring Kitty
ROAR



Buy",$0.01 ,0.85%,0.83%,23.32%,"$5,114,781 ","$135,271
26.44M",1B ROAR,
1499,"Nya
NYA



Buy",$0.06 ,0.91%,1.12%,2.49%,"$4,990,340 ","$43,712
308.62B",35.23T NYA,
1507,"Samoyedcoin
SAMO



Buy",$0.00 ,0.05%,3.93%,14.00%,"$4,912,075 ","$163,544
121.76M",3.65B SAMO,
1509,"Mistery On Cro
MERY



Buy",$0.00 ,0.33%,0.70%,10.71%,"$4,900,157 ","$65,195
5.45B",410.27B MERY,
1531,"Aerobud
AEROBUD



Buy",$0.00 ,1.03%,3.91%,17.88%,"$4,710,301 ","$150,876
31.07M",970M AEROBUD,
1537,"VCHAT Token
VCT



Buy",$0.66 ,0.00%,0.00%,42.30%,"$4,648,656 ",--,7.01M VCT,
1542,"Hege
HEGE



Buy",$0.00 ,1.15%,2.33%,5.21%,"$4,612,535 ","$539,172
116.87M",999.85M HEGE,
1546,"Department Of Government Efficiency (dogegov.com)
DOGE



Buy",$0.00 ,0.00%,5.28%,15.81%,"$4,558,757 ","$971,516
208.66M",979.12M DOGE,
1556,"Starlink
STARL



Buy",$0.06 ,0.41%,3.90%,6.11%,"$4,463,662 ","$42,612
95.26B",9.97T STARL,
1559,"Byte
BYTE



Buy",$0.05 ,0.19%,0.31%,9.60%,"$4,414,100 ","$50,822
11.10B",964.46B BYTE,
1560,"Brett (ETH)
BRETT



Buy",$0.06 ,5.75%,17.60%,1.82%,"$4,404,441 ","$627,549
9.89M",69.42M BRETT,
1569,"Mumu the Bull (SOL)
MUMU



Buy",$0.05 ,0.07%,6.30%,17.66%,"$4,267,167 ","$416,479
222.84B",2.28T MUMU,
1570,"HODL
HODL



Buy",$0.00 ,1.03%,1.64%,4.77%,"$4,261,091 ","$132,903
279.28M",8.95B HODL,
1573,"catwifmask
MASK



Buy",$0.00 ,3.63%,7.92%,23.37%,"$4,252,854 ","$558,594
131.31M",999.77M MASK,
1574,"Katana Inu
KATA



Buy",$0.00 ,0.16%,7.01%,11.89%,"$4,218,136 ","$54,537
482.24M",37.29B KATA,
1575,"LABUBU ETH
LABUBU



Buy",$0.00 ,1.48%,2.71%,2.92%,"$4,203,386 ","$8,603,960
2.04B",1B LABUBU,
1582,"Slothana
SLOTH



Buy",$0.00 ,0.37%,2.32%,10.57%,"$4,151,603 ","$543,631
221.96M",1.69B SLOTH,
1599,"Rain Coin
RAIN



Buy",$3.92 ,0.92%,0.61%,0.16%,"$3,927,371 ","$12,292
3.12K",1M RAIN,
1602,"Dejitaru Tsuka
TSUKA



Buy",$0.00 ,0.26%,3.87%,1.14%,"$3,913,457 ","$60,238
15.39M",1B TSUKA,
1607,"CumRocket
CUMMIES



Buy",$0.00 ,0.43%,0.45%,6.96%,"$3,875,134 ","$165,817
56.50M",1.32B CUMMIES,
1616,"Happy Cat
HAPPY



Buy",$0.00 ,0.41%,3.99%,12.08%,"$3,785,601 ","$784,617
690.84M",3.33B HAPPY,
1617,"Startup
STARTUP



Buy",$0.00 ,0.81%,12.47%,38.93%,"$3,778,626 ","$1,698,103
445.02M",990.27M STARTUP,
1618,"Pwease
PWEASE



Buy",$0.00 ,1.36%,1.60%,1.61%,"$3,775,005 ","$481,008
127.40M",999.92M PWEASE,
1626,"Pepe 2.0 (pepe20.vip)
PEPE2.0



Buy",$0.09 ,0.75%,0.83%,3.65%,"$3,694,407 ","$109,007
13.83T",469T PEPE2.0,
1628,"HahaYes
RIZO



Buy",$0.06 ,0.10%,6.78%,23.80%,"$3,685,659 ","$85,749
9.78B",420.64B RIZO,
1631,"Dolan Duck
DOLAN



Buy",$0.04 ,0.40%,2.22%,13.45%,"$3,650,960 ","$84,748
2.28M",98.23M DOLAN,
1642,"Cryptocurrency Coin
CRYPTO



Buy",$0.00 ,0.17%,4.84%,26.62%,"$3,570,506 ","$30,238
8.46M",999.97M CRYPTO,
1646,"Shina Inu
SHI



Buy",$0.06 ,0.32%,5.46%,7.77%,"$3,552,193 ","$245,040
842.65B",12.21T SHI,
1648,"Frodo the virtual samurai
FROG



Buy",$0.00 ,0.05%,7.96%,18.96%,"$3,512,854 ","$165,957
236.21M",5B FROG,
1649,"ShibaDoge
SHIBDOGE



Buy",$0.02 ,0.01%,3.53%,4.41%,"$3,498,033 ","$1,289
45.91E","124,602.47E SHIBDOGE",
1652,"BOB (ETH)
BOB



Buy",$0.06 ,0.09%,1.15%,4.34%,"$3,473,051 ","$207,694
41.21B",689.12B BOB,
1656,"Dingocoin
DINGO



Buy",$0.00 ,0.16%,4.42%,13.13%,"$3,420,844 ","$351,758
11.83B",115.12B DINGO,
1671,"Akita Inu
AKITA



Buy",$0.07 ,0.83%,6.31%,7.68%,"$3,285,561 ","$159,751
3.30T",68.07T AKITA,
1673,"Didi Bam Bam
DDBAM



Buy",$0.16 ,0.10%,2.88%,45.32%,"$3,260,539 ","$124,304
800.59K",21M DDBAM,
1680,"Troll (troll.run)
TROLL



Buy",$0.08 ,0.34%,2.47%,13.83%,"$3,227,246 ","$312,257
92.92T",960.42T TROLL,
1686,"MILLI
MILLI



Buy",$0.00 ,1.09%,0.22%,23.34%,"$3,174,051 ","$75,370
6.24B",263B MILLI,
1693,"Stool Prisondente
JAILSTOOL



Buy",$0.00 ,0.08%,5.20%,5.91%,"$3,089,251 ","$718,332
232.45M",999.69M JAILSTOOL,
1694,"Gorilla
GORILLA



Buy",$0.00 ,0.85%,4.51%,5.17%,"$3,072,797 ","$848,405
276.10M",1B GORILLA,
1696,"Cocoro (officialcocoro.com)
COCORO



Buy",$0.00 ,0.15%,2.21%,8.87%,"$3,063,476 ","$495,939
129.06M",797.25M COCORO,
1702,"Xavier: Renegade Angel
XAVIER



Buy",$0.00 ,0.73%,3.91%,18.89%,"$3,038,060 ","$575,749
189.48M",999.87M XAVIER,
1703,"SHIBA INU
SHIB



Buy",$0.08 ,4.09%,0.42%,11.42%,"$3,032,433 ","$22,438
4.98T",674.07T SHIB,
1706,"donotfomoew
MOEW



Buy",$0.00 ,0.18%,4.26%,9.45%,"$3,027,494 ","$1,101,516
2.25B",6.19B MOEW,
1712,"I'm a Jeet
JEETS



Buy",$0.00 ,0.21%,0.46%,14.20%,"$2,997,255 ","$43,316
14.45M",999.99M JEETS,
1719,"Doge Eat Doge
OMNOM



Buy",$0.09 ,1.57%,7.03%,22.31%,"$2,938,848 ","$83,993
8.85T",310T OMNOM,
1723,"BNB Card
BNB CARD



Buy",$0.00 ,0.68%,12.80%,33.12%,"$2,924,700 ","$2,154,551
736.67M",1B BNB CARD,
1726,"just buy $1 worth of this coin
$1



Buy",$0.00 ,0.01%,9.50%,27.50%,"$2,909,131 ","$1,100,694
378.26M",999.76M $1,
1729,"Foxsy AI
FOXSY



Buy",$0.00 ,1.40%,2.03%,7.59%,"$2,884,061 ","$184,841
42.37M",661.19M FOXSY,
1732,"Young Peezy AKA Pepe
PEEZY



Buy",$0.00 ,0.00%,7.60%,19.57%,"$2,873,372 ","$26,467
9.21M",1B PEEZY,
1744,"Quq
QUQ



Buy",$0.00 ,0.01%,3.66%,3.63%,"$2,801,480 ","$387,897,430
138.46B",1B QUQ,
1745,"U
U



Buy",$0.00 ,2.35%,51.31%,63.39%,"$2,798,748 ","$1,073,987
381.18M",993.34M U,
1748,"LIBRA
LIBRA



Buy",$0.01 ,0.00%,13.71%,33.06%,"$2,785,546 ",--,256.42M LIBRA,
1752,"Yee Token
YEE



Buy",$0.00 ,1.04%,13.37%,31.99%,"$2,763,870 ","$336,631
121.79M",1B YEE,
1753,"Smoking Chicken Fish
SCF



Buy",$0.00 ,0.60%,3.42%,12.85%,"$2,762,811 ","$593,594
214.83M",999.91M SCF,
1756,"Chickencoin
CHKN



Buy",$0.07 ,0.39%,2.26%,3.87%,"$2,749,848 ","$76,006
1.77T",64.23T CHKN,
1760,"catwifhat
CWIF



Buy",$0.08 ,0.04%,1.90%,2.40%,"$2,725,506 ","$25,090
278.14B",30.21T CWIF,
1764,"Real Smurf Cat
SMURFCAT



Buy",$0.00 ,0.44%,5.36%,5.41%,"$2,706,939 ","$79,267
2.74B",93.8B SMURFCAT,
1771,"Shark Cat
SC



Buy",$0.00 ,0.16%,5.38%,2.37%,"$2,685,261 ","$1,263,286
465.69M",989.89M SC,
1778,"Tron Bull
BULL



Buy",$0.00 ,0.25%,24.37%,31.37%,"$2,648,138 ","$46,995
16.86M",950.27M BULL,
1783,"Non-Playable Coin Solana
NPCS



Buy",$0.00 ,0.23%,1.03%,6.54%,"$2,620,507 ","$57,313
21.20M",969.71M NPCS,
1785,"Waffles Davincij15's Cat
$WAFFLES



Buy",$0.00 ,0.64%,3.67%,26.71%,"$2,617,646 ","$56,557
19.32M",894.46M $WAFFLES,
1794,"CatSlap
SLAP



Buy",$0.00 ,0.00%,1.85%,5.34%,"$2,568,655 ",--,4.37B SLAP,
1808,"MAD
MAD



Buy",$0.05 ,1.15%,1.21%,14.68%,"$2,505,716 ","$338,697
135.16B",999.97B MAD,
1810,"MAGA (maga-hat.vip)
MAGA



Buy",$0.06 ,0.43%,0.30%,17.10%,"$2,493,328 ","$2,475,706
387.50B",390.25B MAGA,
1813,"Billy
BILLY



Buy",$0.00 ,0.14%,4.10%,14.48%,"$2,448,525 ","$417,980
159.80M",936.13M BILLY,
1820,"Boba Cat
BOBA



Buy",$0.00 ,0.14%,5.64%,11.43%,"$2,381,399 ","$82,071
21.12M",612.87M BOBA,
1823,"Shoggoth (shoggoth.monster)
SHOGGOTH



Buy",$0.00 ,3.25%,9.35%,27.32%,"$2,306,224 ","$401,675
174.17M",1B SHOGGOTH,
1830,"COCORO
COCORO



Buy",$0.06 ,0.39%,9.84%,12.34%,"$2,264,542 ","$294,210
54.65B",420.69B COCORO,
1835,"Boop
BOOP



Buy",$0.00 ,0.00%,6.21%,0.92%,"$2,248,658 ","$2,106
93.29M",99.59B BOOP,
1839,"Fric
FRIC



Buy",$0.00 ,1.20%,18.29%,27.22%,"$2,201,745 ","$236,375
107.35M",999.99M FRIC,
1840,"Patriot
PATRIOT



Buy",$0.00 ,0.11%,4.87%,9.77%,"$2,191,865 ","$24,075
109.83M",10B PATRIOT,
1845,"Universe Boss Coin
UBC



Buy",$0.00 ,0.21%,1.16%,26.90%,"$2,180,326 ","$257,137
117.93M",1B UBC,
1850,"CrappyBird
CRAPPY



Buy",$0.00 ,0.31%,0.52%,11.48%,"$2,141,089 ","$22,623
12.65M",1.19B CRAPPY,
1855,"Banano
BAN



Buy",$0.00 ,0.44%,2.69%,15.43%,"$2,109,890 ","$3,643
2.77M",1.6B BAN,
1857,"Gui Inu
GUI



Buy",$0.05 ,0.56%,3.58%,10.91%,"$2,102,932 ","$220,251
58.22B",555.89B GUI,
1866,"Mindfak By Matt Furie
MINDFAK



Buy",$0.00 ,2.37%,9.83%,49.85%,"$2,070,375 ","$5,111,443
1.70B",690M MINDFAK,
1868,"MSTR2100
MSTR



Buy",$0.10 ,0.19%,3.10%,21.33%,"$2,042,057 ","$213,574
2.15M",20.64M MSTR,
1871,"The Nation Token
NATO



Buy",$0.05 ,0.27%,2.87%,1.56%,"$2,028,192 ","$339,122
167.20B",1T NATO,
1875,"OFFICIAL K-POP
KPOP



Buy",$0.00 ,0.47%,6.92%,2.96%,"$2,011,636 ","$101,545
327.31M",6.48B KPOP,
1880,"Koala AI
KOKO



Buy",$0.06 ,0.09%,2.65%,20.98%,"$2,002,290 ","$34,120
155.24B",9.11T KOKO,
1881,"First Convicted Raccon Fred
FRED



Buy",$0.00 ,0.05%,5.93%,24.21%,"$1,997,162 ","$256,522
128.41M",999.81M FRED,
1883,"Baby Grok (babygrok.ai)
BABYGROK



Buy",$0.09 ,0.13%,7.46%,32.75%,"$1,991,816 ","$60,160
9.68T",320.7T BABYGROK,
1888,"Tiger Shark
TIGERSHARK



Buy",$0.00 ,0.00%,10.73%,15.23%,"$1,982,275 ",--,999.99M TIGERSHARK,
1889,"CHADETTE
CHADETTE



Buy",$0.00 ,0.58%,4.18%,15.54%,"$1,977,793 ","$1,959
958.20K",967.15M CHADETTE,
1892,"Chihuahua
HUAHUA



Buy",$0.00 ,1.32%,10.72%,2.72%,"$1,973,871 ","$351,491
16.65B",93.55B HUAHUA,
1894,"Degen Spartan AI
DEGENAI



Buy",$0.00 ,0.46%,0.32%,13.87%,"$1,965,811 ","$271,117
137.90M",999.94M DEGENAI,
1895,"Optimus AI
OPTI



Buy",$0.02 ,0.27%,4.24%,8.88%,"$1,964,363 ","$95,665
4.62M",95.03M OPTI,
1903,"Dark Cheems
TOTAKEKE



Buy",$0.00 ,7.94%,26.11%,12.79%,"$1,933,744 ","$1,594,754
824.69M",1B TOTAKEKE,
1906,"Skibidi Toilet
SKBDI



Buy",$0.03 ,0.43%,5.52%,23.10%,"$1,925,951 ","$444,842
16.17M",70.03M SKBDI,
1907,"Solama
SOLAMA



Buy",$0.00 ,0.36%,1.17%,6.04%,"$1,924,858 ","$156,332
53.10M",653.86M SOLAMA,
1908,"Bad Idea AI
BAD



Buy",$0.08 ,0.31%,1.53%,14.04%,"$1,916,094 ","$705,850
227.92T",618.73T BAD,
1911,"POOH
POOH



Buy",$0.08 ,0.04%,2.42%,6.58%,"$1,895,275 ","$60,128
13.34T",420.69T POOH,
1916,"zkRace
ZERC



Buy",$0.02 ,2.26%,2.03%,0.44%,"$1,877,499 ","$110,330
7.05M",120M ZERC,
1924,"OSCAR
OSCAR



Buy",$0.00 ,0.35%,7.96%,16.70%,"$1,851,369 ","$494,666
238.81M",893.79M OSCAR,
1925,"LUCE
LUCE



Buy",$0.00 ,0.35%,3.96%,14.72%,"$1,847,960 ","$465,391
251.84M",999.99M LUCE,
1935,"Sugar Daddy Season
SUGAR



Buy",$0.00 ,0.02%,1.06%,15.72%,"$1,810,523 ",--,999.99M SUGAR,
1941,"TERMINUS
TERMINUS



Buy",$0.02 ,0.18%,1.71%,10.20%,"$1,796,006 ","$249,872
13.91M",100M TERMINUS,
1945,"BNB MEME SZN
SZN



Buy",$0.00 ,2.19%,22.28%,372.01%,"$1,790,997 ","$16,826,830
9.39B",1B SZN,
1949,"hehe
HEHE



Buy",$0.00 ,0.07%,3.43%,22.23%,"$1,773,345 ","$78,001
36.97M",840.6M HEHE,
1953,"Bubb
BUBB



Buy",$0.00 ,1.47%,10.85%,14.43%,"$1,766,047 ","$1,049,971
594.53M",1B BUBB,
1954,"MongCoin
$MONG



Buy",$0.08 ,0.57%,1.15%,11.54%,"$1,764,710 ","$75,757
24.94T",581.19T $MONG,
1964,"Philtoken
PHIL



Buy",$0.00 ,0.19%,3.26%,7.41%,"$1,746,281 ","$635,987
364.19M",1B PHIL,
1971,"Shiba Predator
QOM



Buy",$0.08 ,0.44%,4.12%,4.35%,"$1,726,113 ","$3,222
1.11T",599.88T QOM,
1972,"Dogechain
DC



Buy",$0.00 ,1.85%,1.78%,23.92%,"$1,723,692 ","$146,903
5.61B",65.87B DC,
1973,"Nitro
NITRO



Buy",$0.05 ,4.59%,0.14%,5.46%,"$1,722,783 ","$630,353
153.67B",420B NITRO,
1978,"RIFT AI
RIFT



Buy",$0.01 ,0.00%,6.31%,12.39%,"$1,697,739 ",--,264.91M RIFT,
1979,"spinning cat
OIIAOIIA



Buy",$0.00 ,0.99%,1.05%,20.86%,"$1,692,505 ","$74,738
44.14M",999.8M OIIAOIIA,
1980,"Rage Guy
RAGE



Buy",$0.00 ,3.91%,0.72%,28.50%,"$1,690,671 ","$67,261
39.14M",984.03M RAGE,
1981,"Brainlet
BRAINLET



Buy",$0.00 ,0.70%,2.81%,20.67%,"$1,689,042 ","$174,700
98.56M",952.9M BRAINLET,
1984,"Crash
CRASH



Buy",$0.00 ,0.03%,15.15%,15.21%,"$1,677,514 ","$43,607
25.42M",978.23M CRASH,
1985,"Just A Shitcoin
SHITCOIN



Buy",$0.00 ,2.16%,6.27%,16.39%,"$1,676,397 ","$62,372
37.20M",999.99M SHITCOIN,
1990,"Shiro Neko
SHIRO



Buy",$0.08 ,0.79%,4.08%,4.21%,"$1,648,337 ","$348,286
114.65T",542.63T SHIRO,
1992,"Hemule
HEMULE



Buy",$0.00 ,0.23%,2.52%,8.80%,"$1,647,326 ","$251,234
149.45M",979.99M HEMULE,
1993,"Worlds First Memecoin
LOLCOIN



Buy",$0.00 ,1.42%,7.24%,26.38%,"$1,644,841 ","$264,610
160.81M",999.61M LOLCOIN,
2002,"Let's BONK
LetsBONK



Buy",$0.02 ,0.78%,4.72%,19.91%,"$1,629,794 ","$2,896,628
122.61M",68.99M LetsBONK,
2004,"BNBXBT
BNBXBT



Buy",$0.00 ,0.49%,14.49%,6.66%,"$1,628,389 ","$1,155,085
709.34M",1B BNBXBT,
2007,"Welshcorgicoin
WELSH



Buy",$0.00 ,0.01%,3.53%,26.55%,"$1,620,855 ","$161,494
996.35M",10B WELSH,
2008,"WTF Opossum
WTFO



Buy",$0.00 ,0.55%,20.68%,50.45%,"$1,620,702 ","$8,978
4.70M",848.64M WTFO,
2009,"DUKO
DUKO



Buy",$0.00 ,1.09%,1.70%,22.37%,"$1,615,273 ","$181,969
1.08B",9.66B DUKO,
2011,"Marie Rose
MARIE



Buy",$0.00 ,0.07%,19.26%,4.77%,"$1,601,061 ","$116,412
30.58M",420.69M MARIE,
2025,"ASTROS
ASTROS



Buy",$0.06 ,0.73%,0.67%,0.32%,"$1,555,270 ","$88,165
1.44M",25.49M ASTROS,
2028,"Pepes Dog
ZEUS



Buy",$0.08 ,0.18%,11.84%,5.39%,"$1,547,335 ","$315,099
85.66T",420.69T ZEUS,
2029,"Wizard Gang
WIZARD



Buy",$0.00 ,1.18%,10.89%,0.50%,"$1,541,032 ","$953,933
618.92M",999.83M WIZARD,
2040,"Boss Token
BOSS



Buy",$0.08 ,0.00%,49.18%,14.32%,"$1,508,046 ",--,396.44T BOSS,
2042,"PAWS
PAWS



Buy",$0.00 ,0.06%,6.22%,31.03%,"$1,505,474 ","$592,902
20.89B",53.05B PAWS,
2044,"RefundYourSOL
RYS



Buy",$0.00 ,0.82%,2.34%,10.74%,"$1,501,617 ","$181,022
119.20M",984.62M RYS,
2049,"Dasha
VVAIFU



Buy",$0.00 ,0.49%,4.98%,11.17%,"$1,486,940 ","$325,821
217.65M",993.29M VVAIFU,
2052,"Trog
TROG



Buy",$0.05 ,0.02%,2.44%,8.06%,"$1,490,002 ","$124,462
35.44B",420.69B TROG,
2054,"PINO
PINO



Buy",$0.00 ,0.00%,2.25%,11.61%,"$1,465,680 ",--,989.75M PINO,
2055,"MAX
MAX



Buy",$0.00 ,2.89%,3.04%,70.23%,"$1,469,570 ","$343,495
234.43M",999.84M MAX,
2060,"Kimbo
KIMBO



Buy",$0.00 ,0.50%,2.20%,1.57%,"$1,449,765 ","$70,623
3.37B",69.42B KIMBO,
2063,"Shrub
SHRUB



Buy",$0.00 ,0.13%,7.10%,20.04%,"$1,448,780 ","$230,451
149.86M",942.18M SHRUB,
2072,"Gasspas
GASS



Buy",$0.08 ,0.38%,8.65%,17.30%,"$1,422,121 ","$317,815
94.01T",420.69T GASS,
2075,"StupidCoin
STUPID



Buy",$0.00 ,1.22%,5.57%,15.29%,"$1,417,401 ","$756,876
532.38M",994.84M STUPID,
2076,"Any Inu
AI



Buy",$0.05 ,0.02%,11.25%,13.15%,"$1,414,810 ","$56,404
16.76B",420.34B AI,
2093,"Perry
PERRY



Buy",$0.00 ,1.22%,5.48%,0.11%,"$1,373,309 ","$156,694
114.09M",1B PERRY,
2101,"SelfieDogCoin
SELFIE



Buy",$0.00 ,0.26%,6.84%,13.06%,"$1,357,220 ","$46,019
33.35M",983.71M SELFIE,
2109,"SUNCAT
SUNCAT



Buy",$0.00 ,2.09%,4.77%,25.70%,"$1,371,115 ","$5,064,321
3.74B",1B SUNCAT,
2110,"Ghiblification
Ghibli



Buy",$0.00 ,0.04%,4.62%,11.95%,"$1,351,593 ","$9,963,097
7.37B",999.87M Ghibli,
2124,"BEFE
BEFE



Buy",$0.00 ,0.76%,8.90%,16.74%,"$1,317,995 ","$147,671
10.44B",93.2B BEFE,
2126,"AGON Agent
AGON



Buy",$0.00 ,1.85%,0.37%,2.01%,"$1,314,191 ","$127,312
96.87M",1B AGON,
2129,"Janitor
JANITOR



Buy",$0.00 ,0.92%,4.83%,13.42%,"$1,293,471 ","$517,979
400.45M",1B JANITOR,
2136,"moonpig
MOONPIG



Buy",$0.00 ,0.42%,3.13%,18.72%,"$1,282,881 ","$1,043,357
813.23M",999.93M MOONPIG,
2138,"Caila
CA



Buy",$0.00 ,0.25%,13.81%,14.49%,"$1,281,929 ","$317,420
240.93M",973.05M CA,
2142,"Woman Yelling At Cat
WYAC



Buy",$0.00 ,0.01%,6.44%,6.60%,"$1,269,011 ","$2,547
1.98M",989.97M WYAC,
2149,"aixCB by Virtuals
AIXCB



Buy",$0.00 ,0.13%,8.10%,29.46%,"$1,250,538 ","$5,614
4.46M",993.5M AIXCB,
2154,"nomnom
NOMNOM



Buy",$0.00 ,1.47%,4.05%,11.48%,"$1,226,499 ","$32,610
25.71M",967.2M NOMNOM,
2159,"LAMBO
LAMBO



Buy",$0.00 ,0.12%,2.82%,32.83%,"$1,214,106 ","$33,337
274.57M",10B LAMBO,
2162,"Wall Street Memes
WSM



Buy",$0.00 ,0.00%,5.36%,10.47%,"$1,204,951 ",--,1.88B WSM,
2169,"Baby Shark Meme
BABYSHARK



Buy",$0.00 ,0.64%,4.27%,60.37%,"$1,178,959 ","$191,448
138.08M",849.34M BABYSHARK,
2173,"Broccoli (broccolibnb.org)
BROCCOLI



Buy",$0.01 ,0.16%,8.32%,15.15%,"$1,170,014 ","$329,141
51.93M",184.61M BROCCOLI,
2175,"8-Bit Coin
COIN



Buy",$0.00 ,0.21%,3.09%,8.36%,"$1,164,024 ","$10
253.28K",30B COIN,
2179,"Lemmy The Bat
LBAI



Buy",$0.00 ,0.09%,6.88%,48.78%,"$1,151,221 ","$1,982,750
118.83B",69B LBAI,
2183,"GhibliCZ
Ghibli



Buy",$0.00 ,0.55%,9.98%,5.22%,"$1,139,579 ","$231,415
176.44M",868.88M Ghibli,
2184,"BOMO
BOMO



Buy",$0.00 ,1.17%,4.60%,54.73%,"$1,133,043 ","$469,773
157.16M",381M BOMO,
2191,"Tron Bull
TBULL



Buy",$0.00 ,0.93%,20.89%,29.51%,"$1,125,692 ","$66,936
59.46M",999.99M TBULL,
2198,"Messiah
MSIA



Buy",$0.15 ,0.01%,10.46%,30.66%,"$1,109,395 ","$33,323
217.35K",7.23M MSIA,
2201,"Aimonica Brands
AIMONICA



Buy",$0.00 ,4.71%,5.57%,11.31%,"$1,102,765 ","$358,935
325.48M",999.98M AIMONICA,
2202,"The Next Bitcoin
BUTTCOIN



Buy",$0.00 ,2.24%,4.97%,18.94%,"$1,110,989 ","$1,033,706
936.73M",999.15M BUTTCOIN,
2206,"Peng
PENG



Buy",$0.01 ,0.25%,3.73%,17.32%,"$1,097,199 ","$203,824
18.57M",99.99M PENG,
2214,"Wrapped Dog
WDOG



Buy",$0.00 ,0.38%,12.31%,41.91%,"$1,080,909 ","$514,684
476.15M",999.99M WDOG,
2215,"BIG
BIG



Buy",$0.00 ,2.22%,0.78%,0.49%,"$1,056,448 ","$48,391
44.86M",1B BIG,
2217,"Andy BSC
ANDY



Buy",$0.07 ,3.26%,20.02%,69.09%,"$1,075,571 ","$202,036
18.78T",100T ANDY,
2224,"America Party
AP



Buy",$0.00 ,0.52%,0.68%,33.67%,"$1,054,261 ","$72,319
68.59M",1B AP,
2226,"Courage The Dog
CCDOG



Buy",$0.00 ,1.47%,3.15%,42.50%,"$1,050,583 ","$2,797,379
2.66B",1B CCDOG,
2228,"Sentio AI
SEN



Buy",$0.01 ,0.45%,2.65%,9.90%,"$1,049,420 ","$244,555
22.82M",98M SEN,
2229,"Gremly
$GREMLY



Buy",$0.08 ,5.22%,13.43%,63.74%,"$1,046,334 ","$209,946
82.59T",411.65T $GREMLY,
2241,"Eliza (elizawakesup)
ELIZA



Buy",$0.00 ,0.48%,10.85%,27.02%,"$1,005,195 ","$154,506
153.70M",999.95M ELIZA,
2251,"Baby BNB
BABYBNB



Buy",$0.00 ,0.14%,14.60%,17.75%,"$975,697 ","$370,587
210.30M",554.83M BABYBNB,
2255,"Baby Neiro BNB
BABYNEIRO



Buy",$0.01 ,0.51%,2.32%,7.11%,"$971,610 ","$156,603
67.72P",420P BABYNEIRO,
2257,"Axol
AXOL



Buy",$0.00 ,5.07%,12.11%,29.61%,"$965,790 ","$89,389
92.55M",1B AXOL,
2259,"Powsche
POWSCHE



Buy",$0.01 ,0.88%,0.90%,0.33%,"$961,560 ","$53,124
5.23M",95.04M POWSCHE,
2263,"CryBaby
CRYBB



Buy",$0.00 ,0.47%,10.73%,34.21%,"$962,891 ","$1,274,670
923.11M",696.16M CRYBB,
2269,"Memes AI
MemesAI



Buy",$0.00 ,0.65%,4.02%,13.89%,"$953,750 ","$215,203
225.73M",999.97M MemesAI,
2274,"FCK925
FCK925



Buy",$0.00 ,0.46%,0.02%,40.82%,"$933,548 ","$12,186
13.05M",999.99M FCK925,
2280,"Pussy Financial
PUSSY



Buy",$0.06 ,0.00%,3.02%,6.43%,"$929,160 ",--,164.75B PUSSY,
2286,"LandWolf (SOL)
WOLF



Buy",$0.00 ,0.01%,0.03%,16.37%,"$920,341 ",--,9.99B WOLF,
2294,"Robinhood
HOOD



Buy",$0.00 ,0.54%,4.39%,19.77%,"$902,521 ","$957,783
47.33B",44.54B HOOD,
2301,"BullDogito
BDOGITO



Buy",$0.00 ,0.27%,7.62%,3.40%,"$883,400 ","$58
20.85K",317.72M BDOGITO,
2305,"Kekius Maximus (kekiusmaximus.army)
KM



Buy",$0.00 ,0.43%,1.49%,4.93%,"$872,315 ","$183,691
189.88M",902.7M KM,
2309,"Povel Durev
DUREV



Buy",$0.01 ,0.03%,0.54%,0.32%,"$866,857 ","$28,399
3.11M",95M DUREV,
2323,"SAD HAMSTER
HAMMY



Buy",$0.00 ,0.01%,3.47%,13.46%,"$843,999 ","$7,718
8.61M",941.9M HAMMY,
2332,"Chuck
CHUCK



Buy",$0.00 ,0.36%,1.06%,0.09%,"$831,423 ","$59,116
62.53M",877.39M CHUCK,
2334,"888
888



Buy",$0.01 ,0.28%,0.25%,4.81%,"$828,945 ","$256
27.40K",88.85M 888,
2353,"Regret
REGRET



Buy",$0.00 ,3.78%,24.87%,22.87%,"$789,734 ","$425,822
539.05M",999.74M REGRET,
2354,"Aster Inu
ASTERINU



Buy",$0.00 ,2.53%,24.38%,53.42%,"$784,923 ","$2,275,529
2.87B",989.99M ASTERINU,
2356,"NikolAI
NIKO



Buy",$0.00 ,0.01%,0.09%,2.06%,"$781,883 ","$17,830
22.79M",1B NIKO,
2357,"Caitlyn Jenner (ETH)
JENNER



Buy",$0.00 ,2.55%,1.17%,1.23%,"$781,717 ","$8,648
10.67M",964.57M JENNER,
2359,"Baby Pepe
BABYPEPE



Buy",$0.05 ,0.00%,2.73%,19.76%,"$777,844 ",--,420.69B BABYPEPE,
2364,"K9 Finance
KNINE



Buy",$0.05 ,0.07%,2.28%,7.07%,"$771,296 ","$167,762
87.46B",402.27B KNINE,
2365,"King Shiba
KINGSHIB



Buy",$0.00 ,0.01%,5.42%,6.16%,"$771,481 ","$17,385
7.88M",350.02M KINGSHIB,
2368,"Buckazoids
Buckazoids



Buy",$0.00 ,0.46%,2.86%,7.45%,"$769,579 ","$104,373
135.63M",999.89M Buckazoids,
2375,"Long
LONG



Buy",$0.07 ,0.00%,0.02%,4.34%,"$754,509 ",--,783.71B LONG,
2379,"Cryptify AI
CRAI



Buy",$0.00 ,0.00%,7.86%,12.45%,"$747,487 ",--,965M CRAI,
2384,"Ski Mask Cat
SKICAT



Buy",$0.00 ,0.52%,2.56%,1.50%,"$740,511 ","$80,937
108.22M",990.15M SKICAT,
2394,"SafeMoon Inu
SMI



Buy",$0.07 ,0.00%,4.10%,5.66%,"$729,402 ",--,1T SMI,
2398,"ETHEREUM IS GOOD
EBULL



Buy",$0.00 ,0.00%,2.66%,12.80%,"$724,205 ",--,10B EBULL,
2401,"Top Hat
HAT



Buy",$0.00 ,0.10%,4.09%,6.77%,"$721,278 ","$39,637
54.40M",989.99M HAT,
2404,"Carlo
CARLO



Buy",$0.00 ,0.00%,0.33%,1.91%,"$717,151 ",--,926.93M CARLO,
2409,"Honk
HONK



Buy",$0.00 ,0.00%,4.34%,19.08%,"$710,055 ",--,919.81M HONK,
2411,"Scamcoin
SCAM



Buy",$0.00 ,0.48%,3.04%,19.50%,"$707,362 ","$2,929
4.14M",999.95M SCAM,
2415,"rocky
ROCKY



Buy",$0.00 ,0.27%,7.59%,17.30%,"$697,336 ","$224,783
322.34M",1B ROCKY,
2420,"FU Coin
FU



Buy",$0.05 ,0.00%,4.93%,0.89%,"$684,398 ",--,194.52B FU,
2421,"Pepoclown
HONK



Buy",$0.08 ,7.92%,6.17%,20.47%,"$683,391 ","$13,181
8.00T",415.17T HONK,
2423,"Spore
SPORE



Buy",$0.01 ,0.01%,2.31%,1.30%,"$679,977 ",--,30.53P SPORE,
2424,"Nutcoin
NUT



Buy",$0.07 ,0.50%,1.34%,0.17%,"$675,774 ","$285,999
8.50T",20.09T NUT,
2425,"KEK
KEKE



Buy",$0.09 ,0.00%,0.63%,22.42%,"$678,445 ","$1
128.30M",74.28T KEKE,
2429,"Zeus (truezeuscoin.com)
ZEUS



Buy",$0.08 ,0.28%,4.07%,2.57%,"$673,406 ","$696,439
435.07T",420.69T ZEUS,
2430,"Garlicoin
GRLC



Buy",$0.01 ,0.00%,0.04%,1.41%,"$671,522 ",--,68.8M GRLC,
2435,"Speedy
SPEEDY



Buy",$0.00 ,0.00%,4.14%,13.71%,"$665,472 ",--,1B SPEEDY,
2436,"HUND
HUND



Buy",$0.00 ,0.79%,1.92%,9.93%,"$664,321 ","$627,585
377.81M",399.93M HUND,
2445,"KAI KEN
KAI



Buy",$0.08 ,0.52%,4.91%,0.98%,"$655,657 ","$47,778
30.65T",420.69T KAI,
2453,"Milady Wif Hat
LADYF



Buy",$0.05 ,0.09%,3.90%,20.78%,"$643,817 ","$14,777
5.73B",249.99B LADYF,
2455,"PIKACHU INU
PIKACHU



Buy",$0.01 ,0.83%,8.69%,6.79%,"$642,160 ","$2,582
377.59T",93.92P PIKACHU,
2460,"Large Language Model
LLM



Buy",$0.00 ,1.30%,8.24%,5.79%,"$637,861 ","$542,136
849.92M",999.99M LLM,
2461,"GoodBoy
GOODBOY



Buy",$0.00 ,0.00%,0.96%,3.74%,"$636,094 ",--,1B GOODBOY,
2464,"Pacu Jalur
BOATKID



Buy",$0.00 ,0.52%,12.70%,0.34%,"$632,274 ","$213,532
337.72M",1B BOATKID,
2472,"EXPERT_MONEY
EXPERT



Buy",$0.00 ,0.21%,1.20%,8.37%,"$622,784 ","$145,071
170.04M",729.99M EXPERT,
2478,"Numogram
GNON



Buy",$0.00 ,0.66%,2.18%,7.87%,"$608,149 ","$459,169
755.02M",1B GNON,
2485,"Fefe
FEFE



Buy",$0.00 ,0.52%,1.45%,3.36%,"$589,375 ","$50,372
35.81M",420.69M FEFE,
2493,"Luigi Mangione
LUIGI



Buy",$0.00 ,0.92%,8.83%,19.11%,"$581,460 ","$396,626
682.08M",999.94M LUIGI,
2501,"Peezy 0x69
PEEZY



Buy",$0.05 ,0.03%,2.88%,4.00%,"$569,589 ","$182,809
98.09B",305.65B PEEZY,
2502,"DOGGY
DOGGY



Buy",$0.00 ,0.00%,4.67%,7.75%,"$568,300 ",--,2.25B DOGGY,
2510,"HarryPotterObamaPacMan8Inu
XRP



Buy",$0.01 ,0.00%,8.32%,6.25%,"$558,731 ",--,81.59M XRP,
2514,"XMoney Solana
XMONEY



Buy",$0.00 ,0.00%,10.12%,23.19%,"$554,369 ",--,821.72M XMONEY,
2520,"Neiro (neiro.lol)
NEIRO



Buy",$0.00 ,0.03%,3.85%,13.17%,"$551,291 ","$184,972
335.53M",999.99M NEIRO,
2534,"MintMe.com Coin
MINTME



Buy",$0.00 ,0.01%,14.14%,9.49%,"$530,499 ","$1,219,969
1.25B",543.87M MINTME,
2537,"Roost Coin
ROOST



Buy",$0.00 ,0.88%,35.99%,27.26%,"$529,542 ","$34,100
60.34M",937.14M ROOST,
2541,"Dolos The Bully
BULLY



Buy",$0.00 ,0.50%,2.43%,10.73%,"$528,569 ","$221,285
402.13M",960.55M BULLY,
2545,"Dagknight Dog
DOGK



Buy",$0.00 ,0.00%,3.67%,10.60%,"$522,294 ","$5,202
44.41M",4.45B DOGK,
2546,"Looby By Stephen Bliss
LOOBY



Buy",$0.00 ,0.29%,1.09%,1.43%,"$520,951 ","$951
1.73M",952.94M LOOBY,
2550,"BIAO
BIAO



Buy",$0.00 ,1.29%,0.39%,2.93%,"$517,670 ","$312,707
604.06M",999.99M BIAO,
2551,"catgirl
CATGIRL



Buy",$0.01 ,1.35%,10.89%,19.57%,"$516,520 ","$1,418
85.07T",30.98P CATGIRL,
2553,"Baby BNB
BABYBNB



Buy",$0.00 ,2.32%,11.83%,53.90%,"$512,784 ","$226,415
441.54M",1B BABYBNB,
2554,"Gondola
GONDOLA



Buy",$0.05 ,0.00%,4.53%,11.80%,"$512,420 ",--,408.52B GONDOLA,
2560,"TORSY
torsy



Buy",$0.00 ,0.01%,11.11%,0.52%,"$506,804 ","$4,392
6.06M",699.99M torsy,
2565,"Hasbulla's Cat
BARSIK



Buy",$0.00 ,0.19%,8.35%,6.50%,"$503,205 ","$285,614
567.55M",999.94M BARSIK,
2576,"DeFrogs
DEFROGS



Buy",$48.80 ,0.00%,3.30%,7.02%,"$488,077 ",--,10K DEFROGS,
2577,"Dogey-Inu
DINU



Buy",$0.10 ,0.00%,3.82%,18.96%,"$487,671 ",--,731.38T DINU,
2578,"MOOMOO THE BULL
MOOMOO



Buy",$0.00 ,0.00%,1.77%,7.12%,"$487,386 ",--,777.77M MOOMOO,
2583,"Eloncoin
ELON



Buy",$0.07 ,0.00%,1.98%,6.64%,"$483,258 ",--,685.21B ELON,
2595,"Sultanoshi
STOSHI



Buy",$0.06 ,1.67%,18.71%,47.39%,"$470,234 ","$405,184
6.95M",8.09M STOSHI,
2599,"TRI SIGMA
TRISIG



Buy",$0.00 ,0.28%,3.50%,11.15%,"$470,168 ","$352,938
750.62M",999.94M TRISIG,
2616,"Won Chang
USDWON



Buy",$0.00 ,0.30%,6.28%,11.03%,"$452,522 ","$1,395,512
2.98B",971.19M USDWON,
2617,"RAT Escape
RAT



Buy",$0.00 ,2.06%,0.35%,5.70%,"$470,365 ","$47,205
100.35M",999.93M RAT,
2625,"Alpha
ALPHA



Buy",$0.00 ,0.86%,1.32%,8.36%,"$445,024 ","$226
507.07K",999.99M ALPHA,
2626,"Biggie
BIGGIE



Buy",$0.09 ,0.46%,5.81%,33.17%,"$445,117 ","$187,877
422.08T",1P BIGGIE,
2630,"Mystery
MYSTERY



Buy",$0.08 ,0.02%,1.83%,15.93%,"$441,961 ","$86,863
82.68T",420.69T MYSTERY,
2637,"Sato The Dog
SATO



Buy",$0.05 ,1.30%,4.40%,18.56%,"$427,036 ","$74,121
73.01B",420.69B SATO,
2642,"HODL (hodl_bnbcto)
HODL



Buy",$0.00 ,6.23%,87.44%,86.13%,"$420,486 ","$1,788,018
4.25B",1B HODL,
2645,"DOGAMÍ
DOGA



Buy",$0.00 ,0.05%,0.87%,1.47%,"$418,735 ","$17,306
32.02M",774.96M DOGA,
2646,"Lets Fuckin Go
LFGO



Buy",$0.00 ,0.98%,1.03%,7.48%,"$418,131 ","$751
1.79M",999.84M LFGO,
2647,"HAMI
HAMI



Buy",$0.00 ,0.00%,0.43%,15.50%,"$416,837 ","$47,299
109.18M",962.2M HAMI,
2659,"Sugar Boy
SUGAR



Buy",$0.00 ,0.01%,0.04%,1.01%,"$396,778 ","$101,341
249.30M",976.38M SUGAR,
2661,"Mars
MARS



Buy",$0.00 ,24.73%,13.13%,51.38%,"$395,250 ","$607,134
1.53B",1B MARS,
2674,"Landwolf (landwolfcoin)
WOLF



Buy",$0.00 ,0.00%,4.62%,6.06%,"$386,251 ",--,390.52M WOLF,
2675,"Beats on Base
BEATS



Buy",$0.00 ,0.71%,3.33%,9.21%,"$385,389 ","$12,164
20.35M",644.79M BEATS,
2680,"Success Kid
SKID



Buy",$0.00 ,0.04%,8.92%,16.17%,"$383,571 ","$138,188
31.24M",86.74M SKID,
2683,"Ben the Dog
BENDOG



Buy",$0.00 ,0.01%,9.91%,1.48%,"$380,390 ","$132,898
349.29M",999.78M BENDOG,
2687,"LET HIM COOK
COOK



Buy",$0.00 ,0.00%,4.22%,20.83%,"$377,607 ",--,998.88M COOK,
2688,"The Dons
DONS



Buy",$0.00 ,0.00%,5.31%,8.53%,"$377,499 ",--,8.15B DONS,
2690,"Coinye West
COINYE



Buy",$0.00 ,0.00%,7.62%,12.30%,"$371,772 ",--,801.24M COINYE,
2692,"Gecko Inu
GEC



Buy",$0.09 ,0.01%,0.74%,3.41%,"$370,926 ","$21,354
3.81T",66.19T GEC,
2693,"Altcoin
ALT



Buy",$0.00 ,0.98%,5.91%,11.42%,"$370,835 ","$414,408
1.00B",899.82M ALT,
2696,"Loser Coin
LOWB



Buy",$0.06 ,2.84%,18.13%,11.86%,"$369,894 ","$25,508
4.15B",60.29B LOWB,
2698,"BOPPY
BOPPY



Buy",$0.10 ,0.23%,6.53%,5.60%,"$368,240 ","$3,009
3.43T",420.69T BOPPY,
2706,"PepeMusk
PEPEMUSK



Buy",$0.00 ,0.01%,0.68%,11.50%,"$361,265 ","$385
1.06M",1B PEPEMUSK,
2709,"Pesto the Baby King Penguin
PESTO



Buy",$0.00 ,2.65%,1.28%,9.39%,"$358,568 ","$6,892
19.22M",1B PESTO,
2715,"analoS
ANALOS



Buy",$0.05 ,0.00%,14.70%,6.89%,"$355,702 ",--,82.08B ANALOS,
2722,"Toilet Dust
TOILET



Buy",$0.00 ,0.37%,25.27%,24.39%,"$350,590 ","$72,427
2.05B",10B TOILET,
2723,"Lou
LOU



Buy",$0.00 ,0.00%,1.61%,9.26%,"$353,066 ",--,999.94M LOU,
2725,"Peepo (SOL)
$PEEP



Buy",$0.06 ,0.44%,1.31%,6.23%,"$350,491 ","$27
4.08M",53.29B $PEEP,
2728,"Eliza (ai16zeliza)
ELIZA



Buy",$0.00 ,0.06%,1.87%,11.82%,"$345,062 ","$202,887
565.06M",961.05M ELIZA,
2731,"Elmo
ELMO



Buy",$0.00 ,0.00%,0.00%,10.21%,"$343,009 ",--,264.6M ELMO,
2733,"Daboo - The Untold Stories!
DABOO



Buy",$0.00 ,0.00%,0.00%,4.70%,"$342,046 ",--,549.99M DABOO,
2734,"GoldenRat
RATS



Buy",$0.07 ,0.00%,4.31%,3.25%,"$340,870 ",--,624.39B RATS,
2744,"Kenyan Digital Token
KDT



Buy",$0.00 ,0.00%,8.47%,32.29%,"$334,416 ",--,220M KDT,
2746,"What's Updog
UPDOG



Buy",$0.00 ,0.00%,3.74%,12.51%,"$333,336 ",--,999.96M UPDOG,
2748,"Cheems
CHEEMS



Buy",$0.00 ,1.42%,1.10%,7.54%,"$331,454 ","$284
2.18M",2.55B CHEEMS,
2756,"KIKICat
KIKI



Buy",$0.00 ,3.50%,4.82%,4.17%,"$315,920 ","$71,890
227.55M",999.98M KIKI,
2763,"DinoLFG
DINO



Buy",$0.00 ,0.00%,1.06%,5.83%,"$316,234 ",--,312.94M DINO,
2768,"Invest Zone
IVfun



Buy",$0.00 ,0.00%,3.32%,3.63%,"$313,159 ",--,940.21M IVfun,
2775,"CZ THE GOAT
CZGOAT



Buy",$0.00 ,1.07%,11.79%,32.90%,"$309,277 ","$3,821
12.35M",1B CZGOAT,
2777,"Ginnan The Cat
GINNAN



Buy",$0.07 ,3.52%,3.41%,17.71%,"$307,262 ","$129,994
2.91T",6.89T GINNAN,
2779,"Wat
WAT



Buy",$0.07 ,0.43%,1.72%,4.88%,"$305,267 ","$1,756
2.41B",420.69B WAT,
2781,"Unstable Tether
USDUT



Buy",$0.00 ,0.48%,16.61%,52.90%,"$304,982 ","$269,325
883.35M",999.95M USDUT,
2787,"Oggy Inu (BSC)
OGGY



Buy",$0.01 ,0.00%,0.66%,24.72%,"$296,896 ",--,108.12P OGGY,
2788,"littlemanyu
MANYU



Buy",$0.00 ,0.99%,4.04%,11.06%,"$297,121 ","$75,299
253.25M",999.31M MANYU,
2790,"Evan
EVAN



Buy",$0.00 ,0.01%,2.93%,11.96%,"$295,079 ","$69,974
237.09M",999.82M EVAN,
2800,"Elon Trump Fart
ETF500



Buy",$0.00 ,0.39%,1.39%,16.05%,"$281,813 ","$2,580
9.15M",999.96M ETF500,
2801,"WOOF
WOOF



Buy",$0.00 ,0.24%,3.72%,6.03%,"$280,233 ","$382
24.38M",17.9B WOOF,
2806,"Coconut Chicken
CCC



Buy",$0.00 ,0.00%,28.41%,6.27%,"$277,676 ",--,9.33B CCC,
2807,"Don’t Burn Capital
DBC



Buy",$0.00 ,0.00%,1.01%,10.26%,"$277,373 ",--,923.45M DBC,
2815,"Matt Furie
MATT



Buy",$0.07 ,0.52%,5.82%,10.01%,"$271,862 ","$4,537
7.02B",420.69B MATT,
2819,"Moona Lisa
MOONA



Buy",$0.00 ,0.00%,0.00%,5.50%,"$269,159 ",--,999.99M MOONA,
2823,"Super Trump Coin
STRUMP



Buy",$0.00 ,1.31%,9.95%,4.72%,"$266,393 ","$40,628
280.22M",1.83B STRUMP,
2826,"dextoro
DTR



Buy",$0.00 ,0.00%,1.54%,18.59%,"$263,134 ",--,999.99M DTR,
2828,"SAITAMA INU
SAITAMA



Buy",$0.00 ,0.00%,2.98%,13.93%,"$255,037 ",--,877.69M SAITAMA,
2837,"Draggy
DRAGGY



Buy",$0.10 ,0.00%,2.33%,5.45%,"$248,668 ",--,404.48T DRAGGY,
2840,"APED
APED



Buy",$0.25 ,0.00%,3.22%,3.93%,"$247,217 ",--,974.49K APED,
2841,"X
X



Buy",$0.06 ,0.00%,5.78%,8.58%,"$245,627 ",--,937.91B X,
2842,"Moby
MOBY



Buy",$0.00 ,1.53%,22.57%,26.27%,"$244,373 ","$148
6.06M",10B MOBY,
2843,"BNB LION
BNBLION



Buy",$0.01 ,1.06%,1.75%,39.40%,"$244,327 ","$1,232
483.05T",95.77P BNBLION,
2844,"Boochie by Matt Furie
BOOCHIE



Buy",$0.10 ,0.47%,23.80%,21.78%,"$243,109 ","$216,260
374.22T",420.69T BOOCHIE,
2845,"CatDog
CATDOG



Buy",$0.05 ,0.01%,3.07%,8.08%,"$242,030 ","$157,391
65.02B",100B CATDOG,
2849,"Moutai
MOUTAI



Buy",$0.00 ,0.17%,6.77%,9.88%,"$239,103 ","$1,005
2.92M",696.65M MOUTAI,
2861,"Soyjak
SOY



Buy",$0.00 ,0.00%,3.99%,11.07%,"$231,093 ",--,926.55M SOY,
2862,"dog with apple in mouth
APPLE



Buy",$0.00 ,1.14%,6.62%,10.95%,"$231,040 ","$232,613
1.00B",999.97M APPLE,
2869,"sci-hub
SCIHUB



Buy",$0.00 ,2.48%,2.57%,7.05%,"$226,058 ","$37,363
165.27M",999.97M SCIHUB,
2871,"Jen-Hsun Huang
JHH



Buy",$0.07 ,0.82%,1.55%,6.72%,"$225,729 ","$460
19.67B",9.65T JHH,
2873,"el gato
ELGATO



Buy",$0.00 ,0.00%,5.77%,14.08%,"$222,994 ",--,9.99B ELGATO,
2874,"AI⁴ | Recursive Superintelligence
AI4



Buy",$0.00 ,1.15%,6.00%,43.58%,"$221,892 ","$289,676
1.30B",1B AI4,
2876,"Musk It
MUSKIT



Buy",$0.00 ,0.01%,6.53%,22.72%,"$220,800 ","$61,975
280.68M",1B MUSKIT,
2880,"Hana
HANA



Buy",$0.00 ,0.08%,3.75%,1.51%,"$217,301 ","$362
14.50M",8.71B HANA,
2886,"Fofar (fofar.meme)
FOFAR



Buy",$0.00 ,0.00%,31.19%,39.01%,"$212,653 ",--,949.99M FOFAR,
2889,"The First Youtube Cat
PAJAMAS



Buy",$0.00 ,0.00%,3.81%,15.61%,"$210,385 ",--,979.91M PAJAMAS,
2890,"BabyUnicorn
BABYU



Buy",$0.00 ,0.00%,0.76%,38.00%,"$210,055 ",--,999.89M BABYU,
2894,"Hokkaidu Inu
HOKK



Buy",$0.00 ,0.24%,19.50%,23.84%,"$207,124 ","$18,704
90.30M",1B HOKK,
2896,"flork cto
FLORK



Buy",$0.00 ,3.54%,1.47%,15.53%,"$206,360 ","$357,868
1.62B",938.72M FLORK,
2901,"ROD.AI
RODAI



Buy",$0.08 ,0.47%,1.59%,8.91%,"$204,430 ","$184
49.30B",54.79T RODAI,
2906,"UNI
UNI



Buy",$0.00 ,0.39%,0.63%,25.42%,"$201,425 ","$553
2.74M",1B UNI,
2911,"Baby BitCoin
BABYBTC



Buy",$0.00 ,0.95%,5.50%,11.54%,"$200,317 ","$1,109
5.53M",999.98M BABYBTC,
2916,"TON Cat
TCAT



Buy",$0.00 ,0.88%,30.43%,29.69%,"$197,991 ","$5,641
17.42M",611.46M TCAT,
2922,"Bitcoin AI
BTC



Buy",$0.01 ,1.02%,17.05%,41.18%,"$191,924 ","$17,609
1.92M",20.98M BTC,
2923,"Tree Stuck in Cat
TREEINCAT



Buy",$0.00 ,1.71%,8.30%,19.22%,"$190,616 ","$23,651
108.91M",877.79M TREEINCAT,
2924,"Shib Original Vision
SOV



Buy",$0.08 ,0.00%,28.41%,16.68%,"$188,887 ",--,106.16T SOV,
2928,"Vibe Cat (Jupiter Studio)
VIBE



Buy",$0.00 ,1.40%,11.12%,12.29%,"$185,760 ","$753,728
324.49M",79.97M VIBE,
2934,"Andy on SOL
ANDY



Buy",$0.00 ,0.00%,2.70%,4.51%,"$183,068 ",--,946.22M ANDY,
2938,"NVIDIA
NVDA



Buy",$0.00 ,0.00%,0.15%,7.59%,"$177,565 ",--,795.04M NVDA,
2941,"smiling dolphin
MIHARU



Buy",$0.00 ,0.00%,3.71%,7.35%,"$176,744 ",--,999.88M MIHARU,
2945,"Binance Mascot
PHIL



Buy",$0.00 ,0.24%,7.81%,49.85%,"$174,276 ","$7,041
40.40M",1B PHIL,
2949,"Bachi on Base
BACHI



Buy",$0.00 ,0.19%,4.83%,1.99%,"$172,602 ","$64,919
220.59M",586.5M BACHI,
2953,"Tamadoge
TAMA



Buy",$0.00 ,0.00%,5.00%,17.64%,"$170,772 ",--,1.39B TAMA,
2954,"Meme Ai
MEMEAI



Buy",$0.00 ,0.07%,2.71%,9.76%,"$170,217 ","$215,736
922.73M",728.04M MEMEAI,
2967,"Kangal
KANGAL



Buy",$0.05 ,0.00%,2.89%,15.32%,"$163,866 ",--,100B KANGAL,
2970,"Sonic The Goat
GOAT



Buy",$0.06 ,0.00%,0.00%,2.90%,"$161,397 ",--,886.1B GOAT,
2974,"Doge Base
DOGEBASE



Buy",$0.00 ,0.00%,8.15%,26.36%,"$159,522 ",--,995.04M DOGEBASE,
2977,"Cheems
CHEEMS



Buy",$0.09 ,0.00%,2.17%,5.25%,"$158,247 ",--,420.69T CHEEMS,
2978,"Green Shiba Inu [New]
GINUX



Buy",$0.07 ,0.00%,1.11%,54.35%,"$157,908 ",--,3.57T GINUX,
2980,"Wen Lambo Financial
WLFI



Buy",$157.19 ,0.00%,8.55%,16.36%,"$157,196 ",--,1K WLFI,
2983,"Bestcoin
BEST



Buy",$0.05 ,5.93%,17.91%,42.07%,"$154,021 ","$15,442
6.74B",67.24B BEST,
2984,"DOGEFATHER
DOGEFATHER



Buy",$0.00 ,1.14%,11.95%,19.22%,"$152,719 ","$784
5.13M",999.97M DOGEFATHER,
2987,"Global DePIN Chain
DEEPSEEK



Buy",$0.00 ,1.21%,0.46%,6.12%,"$151,035 ","$281,300
1.47B",790M DEEPSEEK,
2989,"SAFEMOON
SMOON



Buy",$0.00 ,10.11%,32.35%,32.95%,"$149,481 ","$19,317
120.60M",933.26M SMOON,
2991,"aiPump
AIPUMP



Buy",$0.00 ,0.14%,30.04%,39.72%,"$148,692 ","$28,666
73.38M",380.66M AIPUMP,
3001,"DOGMI
DOGMI



Buy",$0.06 ,1.78%,1.28%,0.52%,"$145,770 ","$150
25.44M",24.66B DOGMI,
3002,"Slop
SLOP



Buy",$0.00 ,1.76%,4.16%,14.50%,"$144,647 ","$80
549.68K",999.99M SLOP,
3010,"USAcoin
USACOIN



Buy",$0.01 ,0.00%,1.50%,4.02%,"$140,155 ",--,20M USACOIN,
3012,"Sheboshis
SHEB



Buy",$6.93 ,0.00%,1.62%,1.60%,"$138,754 ",--,20K SHEB,
3016,"DOGWIFHOOD
WIF



Buy",$0.00 ,0.00%,5.57%,19.74%,"$136,803 ",--,998.92M WIF,
3018,"Mao
MAO



Buy",$0.06 ,0.00%,0.00%,2.62%,"$136,496 ",--,1T MAO,
3021,"Trumpius Maximus
TRUMPIUS



Buy",$0.00 ,0.00%,2.59%,9.31%,"$134,682 ",--,46.14M TRUMPIUS,
3022,"BOZO
BOZO



Buy",$0.08 ,0.00%,2.44%,13.50%,"$133,007 ",--,72.82T BOZO,
3028,"Hawk Tuah (hawktuah.vip)
HAWKTUAH



Buy",$0.00 ,2.00%,1.24%,3.76%,"$132,313 ","$80,682
523.63M",858.71M HAWKTUAH,
3037,"Klaus
KLAUS



Buy",$0.00 ,0.00%,2.23%,33.59%,"$130,601 ",--,1B KLAUS,
3047,"MoonBag
$MBAG



Buy",$0.05 ,0.00%,2.04%,12.75%,"$125,676 ",--,29.54B $MBAG,
3056,"Spike
SPIKE



Buy",$0.06 ,0.00%,3.35%,4.52%,"$121,592 ",--,341.76B SPIKE,
3057,"Izzy
IZZY



Buy",$0.06 ,0.00%,2.78%,13.36%,"$120,330 ",--,408.78B IZZY,
3060,"Pochita (pochita.biz)
POCHITA



Buy",$0.00 ,0.00%,1.56%,9.08%,"$119,313 ","$169,437
1.42B",1B POCHITA,
3064,"Baby Trump (BSC)
BABYTRUMP



Buy",$0.00 ,0.00%,2.18%,10.60%,"$117,613 ",--,443.21M BABYTRUMP,
3068,"Department Of Government Efficiency (DOGE)
DOGE



Buy",$0.00 ,0.00%,3.42%,18.86%,"$116,488 ",--,500M DOGE,
3069,"GoldenCat
CATS



Buy",$0.06 ,0.00%,2.05%,12.05%,"$116,362 ",--,675.06B CATS,
3070,"VIX777
VIX



Buy",$0.00 ,0.00%,1.62%,38.23%,"$115,194 ",--,896.87M VIX,
3073,"Puffy
PUFFY



Buy",$0.05 ,0.00%,0.00%,0.70%,"$114,203 ",--,44.44B PUFFY,
3076,"CatSolHat
SOLCAT



Buy",$0.00 ,0.00%,1.89%,15.65%,"$112,810 ",--,66.15M SOLCAT,
3077,"EAGLEBUILDER
E



Buy",$0.00 ,0.92%,3.15%,22.88%,"$112,317 ","$23,714
211.13M",1B E,
3085,"retardcoin
RETARD



Buy",$0.00 ,0.38%,3.08%,37.55%,"$109,125 ","$118,890
1.08B",999.96M RETARD,
3091,"Wet Ass Pussy
WAP



Buy",$0.00 ,0.00%,1.82%,7.50%,"$106,069 ",--,1B WAP,
3092,"CATAMOTO
CATA



Buy",$0.06 ,0.46%,67.30%,6.19%,"$106,067 ","$2,456
448.64M",19.37B CATA,
3102,"KING
KING



Buy",$0.00 ,0.00%,0.08%,1.77%,"$101,791 ",--,9.27B KING,
3103,"Cate
CATE



Buy",$0.00 ,0.00%,2.83%,1.14%,"$100,882 ",--,1B CATE,
3104,"Uranus (SOL)
ANUS



Buy",$0.00 ,0.00%,3.02%,4.08%,"$100,606 ",--,8.15B ANUS,
3108,"Janet
JANET



Buy",$0.00 ,0.00%,6.68%,4.66%,"$99,557 ","$18,992
190.76M",1B JANET,
3113,"MILKBAG
MILKBAG



Buy",$0.00 ,0.00%,1.72%,1.98%,"$98,746 ",--,899.15M MILKBAG,
3115,"sunpepe
SUNPEPE



Buy",$0.00 ,0.00%,0.11%,11.18%,"$97,877 ",--,1B SUNPEPE,
3118,"fartcoin killer
BUTTPLUG



Buy",$0.00 ,0.67%,10.75%,35.60%,"$96,331 ","$162,153
1.68B",999.45M BUTTPLUG,
3119,"Simon the Gator
SIMON



Buy",$0.00 ,0.22%,31.78%,37.68%,"$95,553 ","$78,580
482.52M",586.75M SIMON,
3121,"Fuku-Kun
FUKU



Buy",$0.06 ,0.94%,2.28%,3.21%,"$95,425 ","$207
697.02M",321.81B FUKU,
3125,"Nvidia Inu
NINU



Buy",$0.00 ,0.92%,4.10%,5.15%,"$94,128 ","$19
1.48M",7.16B NINU,
3130,"Acid Toad
TOAD



Buy",$0.09 ,0.00%,3.06%,5.13%,"$92,537 ",--,420.69T TOAD,
3131,"Baby
BABY



Buy",$0.08 ,0.00%,5.86%,8.64%,"$92,272 ",--,981.29B BABY,
3136,"Sapo Concho
CONCHO



Buy",$0.00 ,0.00%,1.55%,15.95%,"$91,542 ",--,999.49M CONCHO,
3142,"BABYTRUMP
BABYTRUMP



Buy",$0.00 ,0.00%,2.40%,0.57%,"$89,773 ",--,36.08M BABYTRUMP,
3144,"Ducky
DUCKY



Buy",$0.06 ,0.14%,3.14%,1.93%,"$89,452 ","$82
380.76M",414.4B DUCKY,
3149,"MAGA VP
MVP



Buy",$0.00 ,0.00%,5.47%,3.18%,"$88,303 ",--,41.52M MVP,
3150,"Peanut
PEANUT



Buy",$0.06 ,0.00%,3.09%,3.41%,"$88,207 ",--,409.45B PEANUT,
3156,"AMC
AMC



Buy",$0.08 ,0.00%,6.08%,7.66%,"$87,007 ",--,33.85T AMC,
3158,"PJN
PJN



Buy",$0.00 ,0.00%,2.51%,15.72%,"$86,797 ",--,999.95M PJN,
3159,"Eat, Trade, Fart
ETF



Buy",$0.00 ,0.00%,1.32%,6.36%,"$85,726 ",--,999.97M ETF,
3160,"Flavia Is Online
FLAVIA



Buy",$0.00 ,0.00%,0.09%,4.26%,"$85,474 ",--,999.99M FLAVIA,
,"Baby Bonk
BABYBONK



Buy",$0.01 ,0.57%,2.41%,27.07%,"$84,067 ","$46,961
141.40P",253.12P BABYBONK,
3167,"Onigiri
ONI



Buy",$0.06 ,0.00%,7.17%,18.56%,"$83,440 ",--,407.98B ONI,
3169,"LanLan Cat
LANLAN



Buy",$0.06 ,0.00%,2.68%,1.62%,"$82,455 ",--,8.88B LANLAN,
3171,"Philosoraptor
RAPTOR



Buy",$0.00 ,0.52%,5.85%,17.39%,"$81,214 ","$53,128
636.77M",973.4M RAPTOR,
3175,"Based Shiba Inu
BSHIB



Buy",$0.06 ,0.43%,2.29%,6.26%,"$80,928 ","$87
9.73M",9.04B BSHIB,
3183,"Ronaldinho Coin
STAR10



Buy",$0.00 ,0.07%,36.96%,37.37%,"$77,964 ","$105,497
351.15M",259.51M STAR10,
3187,"MOONDOGE
MOONDOGE



Buy",$0.00 ,0.25%,4.80%,10.43%,"$76,230 ","$1,112
14.37M",985.74M MOONDOGE,
3191,"Game of Memes
GOME



Buy",$0.00 ,0.00%,2.59%,0.49%,"$74,964 ",--,651.12M GOME,
3194,"Trump Derangement Syndrome (tearsforTDS)
TDS



Buy",$0.00 ,0.00%,0.00%,3.79%,"$74,285 ",--,1B TDS,
3200,"Akuma Inu
$AKUMA



Buy",$0.06 ,0.53%,5.76%,22.23%,"$72,303 ","$19,694
181.59B",666.66B $AKUMA,
3201,"Doug The Duck
DOUG



Buy",$0.00 ,0.00%,3.71%,15.92%,"$71,218 ",--,999.96M DOUG,
3202,"DOGEai
DOGEAI



Buy",$0.00 ,0.87%,10.53%,18.00%,"$70,861 ","$255,144
2.70B",750M DOGEAI,
3221,"Eggdog
EGG



Buy",$0.00 ,0.00%,7.51%,25.09%,"$64,032 ",--,945.33M EGG,
3222,"Valentine
VALENTINE



Buy",$0.00 ,0.00%,1.49%,6.94%,"$63,805 ",--,1B VALENTINE,
3225,"Nibbles
NIBBLES



Buy",$0.06 ,0.00%,1.13%,7.21%,"$62,243 ",--,142B NIBBLES,
3228,"MOODENG (moodengbnb.com)
MDB



Buy",$0.06 ,0.03%,0.88%,7.76%,"$61,788 ","$535
2.80B",323.58B MDB,
3231,"Degen Arena
DEGEN



Buy",$0.09 ,0.00%,6.09%,8.80%,"$61,114 ",--,420.69T DEGEN,
3235,"Izzy
IZZY



Buy",$0.00 ,0.00%,2.07%,2.22%,"$60,166 ",--,982M IZZY,
3236,"HODL Coin
HODL



Buy",$0.00 ,0.68%,7.17%,9.94%,"$59,933 ","$10,029
167.33M",999.96M HODL,
3238,"JinPeng
JIN



Buy",$0.00 ,0.01%,3.14%,35.94%,"$59,324 ","$3
43.22K",854.31M JIN,
3246,"FOMO BULL CLUB
FOMO



Buy",$0.05 ,0.00%,2.52%,18.23%,"$57,136 ",--,33.46B FOMO,
3250,"OMalley
OMALLEY



Buy",$0.06 ,0.00%,4.67%,4.81%,"$56,118 ",--,9B OMALLEY,
3255,"Yellow Pepe
YELPE



Buy",$0.00 ,0.00%,8.96%,69.47%,"$55,429 ",--,999.97M YELPE,
3257,"Solzilla
SOLZILLA



Buy",$0.01 ,0.00%,2.30%,8.03%,"$54,968 ",--,641.18T SOLZILLA,
3263,"Snibbu
SNIBBU



Buy",$0.00 ,0.00%,3.71%,0.97%,"$54,121 ",--,666.66M SNIBBU,
3264,"MeowCat
MEOW



Buy",$0.00 ,0.00%,8.10%,9.26%,"$54,114 ",--,100M MEOW,
3269,"Shiba Saga
SHIA



Buy",$0.00 ,1.59%,8.69%,15.09%,"$52,915 ","$1,164
1.18M",53.93M SHIA,
3270,"Kobushi
KOBUSHI



Buy",$0.06 ,0.25%,2.90%,30.93%,"$52,596 ","$48,634
389.00B",420.69B KOBUSHI,
3275,"Bufficorn
BUFFI



Buy",$0.06 ,0.00%,0.00%,1.65%,"$51,839 ",--,412.27B BUFFI,
3278,"neversol
NEVER



Buy",$0.07 ,0.00%,7.42%,7.48%,"$51,319 ",--,72B NEVER,
3282,"AIGOV
OLIVIA



Buy",$0.00 ,1.69%,0.88%,8.04%,"$50,181 ","$500,336
7.28B",730.33M OLIVIA,
3287,"Let that sink in
SINK



Buy",$0.00 ,2.10%,0.18%,1.30%,"$49,481 ","$50,901
782.76M",760.91M SINK,
3295,"Shrek2HulkSimbaAnusHannahMontanInu
ETH



Buy",$0.00 ,0.00%,8.07%,38.72%,"$47,537 ",--,799.93M ETH,
3300,"Pengycoin
PENGY



Buy",$0.00 ,0.00%,0.00%,23.43%,"$46,040 ",--,995.7M PENGY,
3302,"RealGOAT
RGOAT



Buy",$0.08 ,0.74%,9.30%,2.94%,"$45,386 ","$798
369.35B",21T RGOAT,
3311,"Dogenarii
DOGENARII



Buy",$0.00 ,1.53%,8.04%,3.21%,"$43,454 ","$5,687
130.86M",1B DOGENARII,
3313,"Bruh
BRUH



Buy",$0.00 ,2.42%,5.14%,12.18%,"$42,060 ","$55,101
1.31B",1B BRUH,
3314,"Pope meme
POPE



Buy",$0.00 ,0.00%,0.00%,0.00%,"$42,017 ",--,200M POPE,
3319,"UTYABSWAP
UTYAB



Buy",$0.00 ,0.00%,2.70%,29.94%,"$41,321 ",--,1B UTYAB,
3320,"SofaCat
SOFAC



Buy",$0.00 ,6.79%,6.79%,16.24%,"$40,635 ","$0
209.55",94.61M SOFAC,
3325,"The Corgi of PolkaBridge
CORGIB



Buy",$0.08 ,0.00%,4.81%,12.16%,"$40,125 ",--,28.97T CORGIB,
3332,"Plankton in Pain
AAAHHM



Buy",$0.00 ,0.00%,0.00%,0.48%,"$39,000 ",--,999.99M AAAHHM,
3335,"Mambo
MAMBO



Buy",$0.07 ,0.00%,5.39%,1.27%,"$38,327 ",--,1T MAMBO,
3339,"Suilama
SUILAMA



Buy",$0.05 ,0.00%,5.91%,6.07%,"$37,201 ",--,10B SUILAMA,
3342,"Minu
MINU



Buy",$0.09 ,0.00%,3.21%,11.77%,"$36,787 ",--,3.79T MINU,
3347,"Poor Doge
PDOGE



Buy",$0.06 ,0.78%,0.47%,6.76%,"$36,196 ",--,111.74B PDOGE,
3357,"∑
∑



Buy",$0.00 ,0.00%,0.00%,2.84%,"$34,589 ",--,120.71M ∑,
3360,"BILL THE BEAR
BILL



Buy",$0.07 ,0.00%,1.05%,5.41%,"$33,969 ",--,888.78B BILL,
3364,"To The Sun
SUNPUMP



Buy",$0.00 ,0.00%,2.49%,3.97%,"$33,585 ",--,950M SUNPUMP,
3365,"YOUNES
YOUNES



Buy",$0.00 ,0.00%,1.52%,3.40%,"$33,578 ",--,999.99M YOUNES,
3366,"DADDY TRUMP
TADDY



Buy",$0.00 ,0.00%,4.91%,19.87%,"$33,164 ",--,721.7M TADDY,
3369,"Biao
BIAO



Buy",$0.00 ,0.01%,35.07%,74.19%,"$32,913 ","$8,146
243.59M",984.18M BIAO,
3376,"Dogy
DOGY



Buy",$0.07 ,1.13%,0.31%,2.56%,"$31,155 ","$49,696
1.38T",869.87B DOGY,
3377,"Sol Bastard
SOBA



Buy",$0.00 ,0.00%,0.66%,3.76%,"$30,843 ",--,898.86M SOBA,
3378,"ONE PUNCH CAT
PUNCH



Buy",$0.00 ,0.00%,5.70%,11.37%,"$30,715 ",--,882.17M PUNCH,
3379,"Repost Dog
$RDOG



Buy",$0.00 ,0.00%,0.05%,6.00%,"$30,449 ",--,999.68M $RDOG,
3381,"ZEUS (zeusthedog.vip)
ZEUS



Buy",$0.00 ,4.98%,6.80%,4.00%,"$30,164 ","$648
21.49M",999.97M ZEUS,
3389,"Lil Bub
BUB



Buy",$0.00 ,0.00%,10.82%,5.00%,"$28,477 ",--,1B BUB,
3394,"Donkey King
DOKY



Buy",$0.05 ,0.00%,2.75%,11.48%,"$27,453 ",--,8.67B DOKY,
3395,"VENKO
$VENKO



Buy",$0.08 ,0.00%,1.10%,4.01%,"$26,640 ",--,528.51B $VENKO,
3403,"BullBear AI
AIBB



Buy",$0.01 ,0.01%,21.35%,11.79%,"$24,342 ","$220
18.46T",2.04P AIBB,
3404,"End Federal Reserve
EFR



Buy",$0.00 ,0.00%,0.00%,11.84%,"$23,994 ",--,999.97M EFR,
3405,"Godcat Exploding Kittens
GODCAT



Buy",$0.00 ,0.00%,4.11%,18.30%,"$23,968 ",--,796.92M GODCAT,
3406,"Papu Token
PAPU



Buy",$0.09 ,0.00%,1.50%,33.48%,"$23,818 ",--,49.98T PAPU,
3407,"The White Lion
KIMBA



Buy",$0.06 ,0.74%,2.55%,2.24%,"$23,866 ","$1,225
8.63B",167.99B KIMBA,
3416,"BabyCate
BABYCATE



Buy",$0.07 ,3.22%,3.24%,14.15%,"$21,713 ","$47,830
1.49T",678.37B BABYCATE,
3427,"Children Of The Sky
COTS



Buy",$0.00 ,0.00%,6.18%,9.09%,"$19,645 ",--,979.95M COTS,
3430,"Corgi Inu (corgibnb.com)
CORGI



Buy",$0.00 ,0.00%,4.83%,15.48%,"$19,069 ",--,754.19M CORGI,
3434,"Katchu Coin
KATCHU



Buy",$0.00 ,0.00%,0.00%,4.62%,"$18,670 ",--,794.64M KATCHU,
3439,"Squirrel Swap
SQRL



Buy",$0.00 ,0.00%,0.00%,9.82%,"$17,355 ",--,999.98M SQRL,
3444,"BIGFACTS
BIGFACTS



Buy",$0.00 ,0.00%,0.00%,0.89%,"$16,958 ",--,499.99M BIGFACTS,
3459,"ARNOLD
ARNOLD



Buy",$0.00 ,0.00%,0.22%,5.60%,"$15,285 ",--,999.95M ARNOLD,
3465,"Gary Banking
GB



Buy",$0.05 ,0.00%,4.62%,11.78%,"$14,295 ",--,10.5B GB,
3474,"Brotherhood
BOG



Buy",$0.00 ,0.00%,0.00%,7.75%,"$12,303 ",--,999.93M BOG,
3488,"Zoo World
ZOO



Buy",$0.06 ,0.00%,2.62%,7.38%,"$9,519 ",--,999.99M ZOO,
3500,"ABDS Token
ABDS



Buy",$0.00 ,0.06%,1.36%,0.20%,"$8,635 ","$1,096
387.17K",3.04M ABDS,
3503,"SNOOPYBABE
SBABE



Buy",$0.07 ,5.31%,5.31%,8.38%,"$7,952 ","$32
40.00M",10B SBABE,
3506,"OKX Mascot
WALLY



Buy",$0.06 ,0.00%,0.00%,7.33%,"$7,819 ",--,999.99M WALLY,
3507,"SADANT
SADANT



Buy",$0.06 ,0.00%,0.00%,2.71%,"$7,695 ",--,999.99M SADANT,
3509,"Dogcoin
DCOIN



Buy",$0.06 ,0.00%,0.00%,0.84%,"$7,595 ",--,1B DCOIN,
3534,"MCOIN
MCOIN



Buy",$0.05 ,0.00%,4.77%,10.14%,"$3,161 ",--,1B MCOIN,
3569,"AICell
AICELL



Buy",$0.00 ,0.00%,0.02%,0.02%,"$2,501,234 ","$104,822,222
41.90B",1B AICELL,
3572,"財務自由
財務自由



Buy",$0.01 ,10.81%,76.65%,78.69%,"$7,718,046 ","$76,488,024
9.91B",1B 財務自由,
3573,"Froggie
FROGGIE



Buy",$0.02 ,0.96%,11.19%,57.56%,"$15,495,850 ","$75,242,973
4.85B",1B FROGGIE,
3583,"Ani Grok Companion (anicompanion.net)
ANI



Buy",$0.00 ,1.94%,20.24%,14.30%,"$3,139,700 ","$30,443,830
9.69B",999.98M ANI,
3586,"AOL (America Online)
AOL



Buy",$0.01 ,4.68%,15.49%,11.05%,"$8,407,054 ","$23,750,981
2.82B",999.66M AOL,
3588,"VitaStem
VITASTEM



Buy",$0.00 ,5.67%,1093.69%,28619.21%,"$137,977,482 ","$18,969,273
13.74B",100B VITASTEM,
3593,"Kori The Pom
KORI



Buy",$0.02 ,3.83%,11.57%,21.89%,"$20,163,860 ","$14,143,286
701.41M",1B KORI,
3602,"rats (Ordinals)
rats



Buy",$0.00 ,1.94%,2.39%,5.93%,"$25,315,773 ","$10,966,261
433.17B",1T rats,
3609,"TRUMP MAGA
MAGA



Buy",$0.00 ,13.61%,78.29%,71.81%,"$4,284,558 ","$8,801,484
57.51B",28B MAGA,
3610,"Labubu
LABUBU



Buy",$0.07 ,24.49%,91.30%,89.89%,"$565,964 ","$8,307,544
14.67T",1T LABUBU,
3612,"avaai.top
AVAAI



Buy",$0.02 ,2.15%,4.78%,2.13%,"$18,310,723 ","$8,224,122
449.14M",1B AVAAI,
3614,"Gorbagana
GOR



Buy",$0.01 ,1.20%,3.62%,22.49%,"$5,108,485 ","$7,862,869
1.53B",999.98M GOR,
3618,"Charlie Kirk
CHARLIE



Buy",$0.00 ,39.17%,86.70%,82.55%,"$1,065,627 ","$7,466,495
147.14B",21B CHARLIE,
3621,"Arbi Pepe
PEPE



Buy",$0.06 ,1.50%,0.06%,6.88%,--,"$7,300,430
780.21B",--,
3622,"Robinhood (robinhood.codes)
HOOD



Buy",$19.42 ,2.39%,251.77%,214.06%,"$17,471,098 ","$7,231,513
365.26K",882.46K HOOD,
3629,"JobIess (jobless4meme.fun)
JobIess



Buy",$0.00 ,4.23%,46.64%,16.45%,"$3,468,865 ","$6,541,645
1.88B",1B JobIess,
3630,"PEPE TRUMP (pepetrump.cc)
TRUMP



Buy",$0.07 ,7.44%,172.35%,346.13%,"$12,678,819 ","$6,527,291
10.81T",21T TRUMP,
3631,"MAGA TRUMP (magatrumpcoin.com)
TRUMP



Buy",$0.00 ,98.74%,96.43%,95.15%,"$444,584 ","$6,518,144
68.90B",4.7B TRUMP,
3634,"Dupe
DUPE



Buy",$0.02 ,1.98%,11.13%,0.00%,"$15,098,241 ","$6,322,115
418.73M",999.99M DUPE,
3638,"just memecoin
MEMECOIN



Buy",$0.00 ,3.09%,0.62%,29.25%,"$1,078,806 ","$5,767,793
5.34B",999.88M MEMECOIN,
3643,"Ani Grok Companion (anicompanion.org)
ANI



Buy",$0.00 ,1.36%,91.17%,86.19%,"$1,215,085 ","$5,445,218
94.10B",21B ANI,
3648,"ArAIstotle Fact Checker (Facy_OfficialHQ)
FACY



Buy",$0.01 ,5.13%,71.95%,222642.82%,"$1,055,842,871 ","$5,117,386
484.67M",100B FACY,
3650,"TRUMP GROK (trumpgrok.org)
GROK



Buy",$0.00 ,32.65%,195.96%,176.53%,"$12,110,713 ","$4,896,259
169.80B",420B GROK,
3659,"Momo (momocoin.space)
MOMO



Buy",$0.01 ,0.17%,6.65%,23.94%,"$5,571,376 ","$4,453,821
795.81M",995.5M MOMO,
3669,"FARTCOIN (fartcoin.one)
FARTCOIN



Buy",$0.00 ,43.56%,281.71%,475.36%,"$21,906,123 ","$3,674,220
838.62M",5B FARTCOIN,
3675,"1
1



Buy",$0.00 ,0.50%,56.55%,81.17%,"$1,323,880 ","$3,428,142
2.58B",1B 1,
3677,"TRUMP AI
TRUMP



Buy",$0.00 ,9.34%,338.35%,11963.53%,"$1,050,679,282 ","$3,305,250
1.88B",600B TRUMP,
3679,"Purr
PURR



Buy",$0.17 ,0.15%,7.34%,21.12%,"$99,629,984 ","$3,294,685
19.78M",598.17M PURR,
3681,"D
D



Buy",$0.00 ,0.47%,222.01%,25.67%,"$5,239,394 ","$3,269,953
43.06B",69B D,
3683,"PI TRUMP (pitrumphub.com)
PI



Buy",$0.05 ,2.10%,139.46%,25.45%,"$2,759,104 ","$3,255,908
1.18T",1T PI,
3685,"Milady Cult Coin
CULT



Buy",$0.00 ,0.34%,3.26%,5.87%,"$73,471,321 ","$3,229,761
4.39B",100B CULT,
3687,"PEPE AI (pepeai.one)
PEPE



Buy",$0.00 ,30.18%,264.37%,17.96%,"$12,122,694 ","$3,197,115
7.91B",30B PEPE,
3702,"Hold BTC
HBTC



Buy",$0.07 ,6.02%,286.09%,97.49%,"$861,359 ","$2,559,415
2.97T",1T HBTC,
3704,"Joe Coin
JOE



Buy",$0.02 ,0.65%,2.40%,23.56%,"$2,033,059 ","$2,372,244
116.68M",100M JOE,
3707,"[Fake]COINBASE
COIN



Buy",$15.45 ,30.21%,90.76%,87.43%,"$4,172,930,929 ","$2,270,677
146.91K",270M COIN,
3718,"XDOG
XDOG



Buy",$0.02 ,2.71%,22.52%,32.48%,"$18,373,630 ","$2,061,844
112.21M",1B XDOG,
3719,"STONKS
STONKS



Buy",$0.00 ,0.31%,10.32%,64.81%,"$1,443,764 ","$2,046,727
1.41B",1B STONKS,
3722,"DEW
DEW



Buy",$0.01 ,1.69%,6.34%,23.84%,"$6,863,508 ","$2,016,732
293.83M",1B DEW,
3723,"Furfication
FUR



Buy",$0.00 ,20.85%,94.46%,95.84%,"$795,245 ","$2,005,688
25.22B",10B FUR,
3725,"titcoin
TITCOIN



Buy",$0.00 ,0.19%,6.77%,18.02%,"$3,004,470 ","$1,855,596
595.73M",964.57M TITCOIN,
3733,"OurBitch
BITCH



Buy",$0.06 ,0.47%,9.44%,40.52%,"$55,034,399 ","$1,768,928
32.14M",1B BITCH,
3740,"I love puppies
PUPPIES



Buy",$0.01 ,25.35%,99.19%,824.54%,"$2,839,745 ","$1,708,111
253.04P",420.69P PUPPIES,
3742,"TRUMP MOG (trumpmog.me)
TRUMP



Buy",$0.00 ,64.17%,82.87%,52.02%,"$2,281,266 ","$1,690,405
3.70B",5B TRUMP,
3744,"OLY
OLY



Buy",$16.56 ,0.17%,3.06%,3.06%,"$46,269,011 ","$1,652,297
99.74K",2.79M OLY,
3745,"Coding Dino
DINO



Buy",$0.00 ,0.84%,5.75%,23.52%,"$17,450,151 ","$1,648,952
944.94M",10B DINO,
3746,"Foodie Squirrel
FDS



Buy",$0.00 ,0.57%,0.79%,2.06%,"$1,650,879 ","$1,590,322
963.31M",1B FDS,
3748,"GameStop Coin
GME



Buy",$0.05 ,22.47%,99.67%,99.56%,"$893,233 ","$1,588,320
746.83B",420B GME,
3749,"Tesla (buytesla.net)
TSLA



Buy",$249.09 ,13.43%,293.00%,573.31%,"$24,909,939 ","$1,572,494
6.31K",100K TSLA,
3750,"PENGU AI
PENGU



Buy",$0.00 ,3.97%,97.93%,1.41%,"$107,218 ","$1,547,457
144.32B",10B PENGU,
3752,"Orange Diamond
Orange Diamond



Buy",$0.00 ,12.72%,83.31%,358.27%,"$405,065 ","$1,501,499
3.70B",1B Orange Diamond,
3753,"Solana Stock Index
SSX



Buy",$0.00 ,0.42%,1.80%,21.96%,"$1,531,351 ","$1,501,301
975.57M",995.1M SSX,
3764,"SunWukong
SUNWUKONG



Buy",$0.00 ,0.92%,64.52%,50.39%,"$697,951 ","$1,301,832
1.86B",1B SUNWUKONG,
3770,"DogeSwap
DOG



Buy",$0.00 ,3.52%,3.94%,14.16%,--,"$1,209,467
561.57M",0 DOG,
3772,"wechat doge
旺柴



Buy",$0.00 ,3.44%,14.30%,114.11%,"$4,568,049 ","$1,195,320
261.60M",999.76M 旺柴,
3778,"Solaxy
SOLX



Buy",$0.00 ,0.24%,4.61%,3.06%,"$28,120,294 ","$1,158,433
3.41B",82.99B SOLX,
3787,"BOME GROK
GROK



Buy",$0.22 ,4.74%,849.49%,231.91%,"$236,670,870 ","$1,058,040
4.47M",1B GROK,
3788,"FARTLESS COIN
FARTLESS



Buy",$0.00 ,1.36%,3.80%,9.02%,"$915,058 ","$1,056,338
1.15B",999.97M FARTLESS,
3793,"Bongo Cat
BONGO



Buy",$0.00 ,1.36%,97.60%,97.44%,"$166,894 ","$1,043,464
6.25B",999.75M BONGO,
3799,"MAGA
PEOPLE



Buy",$0.05 ,10.13%,98.92%,98.82%,"$690,276 ","$1,000,664
724.82B",500B PEOPLE,
3802,"GRIPPY
GRIPPY



Buy",$0.00 ,1.71%,15.73%,74.92%,"$4,509,932 ","$983,325
218.03M",1B GRIPPY,
3806,"Z
Z



Buy",$0.00 ,4.33%,34.09%,60.55%,"$295,404 ","$933,617
3.16B",1B Z,
3808,"Beers
BEER



Buy",$0.06 ,41.69%,98.30%,97.46%,"$403,256 ","$919,350
102.59B",45B BEER,
3810,"Funds are SAFU
SAFU



Buy",$0.00 ,5.55%,47.28%,85.92%,"$402,230 ","$908,665
2.25B",1B SAFU,
3811,"Formula 1
CHAMPAGNE



Buy",$0.00 ,8.79%,196.03%,691.63%,"$2,420,191 ","$906,925
1.87B",5B CHAMPAGNE,
3818,"Punchimals
PUNCHI



Buy",$0.00 ,0.60%,0.79%,2.13%,"$37,628,982 ","$814,078
216.34M",10B PUNCHI,
3822,"Foxy
FOXY



Buy",$0.00 ,0.14%,5.81%,9.96%,"$6,094,837 ","$791,260
389.47M",3B FOXY,
3824,"FAFO
FAFO



Buy",$0.00 ,1.11%,2.21%,11.40%,"$539,915 ","$781,466
1.44B",999.99M FAFO,
3827,"Turbo Trump
TURBO



Buy",$0.00 ,437.61%,95.36%,217.26%,"$39,223,471 ","$775,977
1.36B",69B TURBO,
3830,"Moolah
MOOLAH



Buy",$0.00 ,0.14%,19.24%,23.39%,"$4,612,862 ","$770,878
167.11M",1B MOOLAH,
3832,"Fat Fella
FAT



Buy",$0.00 ,2.08%,5.77%,22.81%,"$1,043,304 ","$757,164
725.66M",999.9M FAT,
3835,"LOCK IN
LOCKIN



Buy",$0.01 ,1.19%,3.64%,6.98%,"$8,087,786 ","$752,222
92.48M",994.36M LOCKIN,
3838,"Baby Bitcoin
BABYBTC



Buy",$0.00 ,2.29%,1.43%,1.43%,"$618,108 ","$737,899
1.19B",1B BABYBTC,
3839,"Book of Meme 3.0
BOME



Buy",$0.07 ,22.41%,96.04%,184.11%,"$20,924,116,018 ","$735,293
14.75T",420P BOME,
3849,"gib
GIB



Buy",$0.00 ,1.91%,15.44%,42.32%,"$322,155 ","$711,065
2.20B",999.99M GIB,
3850,"8
8



Buy",$0.00 ,0.55%,5.71%,68.90%,"$1,558,815 ","$703,468
4.51B",10B 8,
3853,"Mecha Conquest
MCQ



Buy",$0.00 ,2.39%,3.15%,7.56%,"$30,159,607 ","$696,510
230.94M",10B MCQ,
3854,"Michi
MICHI



Buy",$0.00 ,2.51%,232.45%,14.37%,"$12,516,063 ","$688,664
5.50B",100B MICHI,
3858,"DOPU The Dog with A Purpose
DOPU



Buy",$0.00 ,0.03%,1.18%,3.83%,"$3,260,868 ","$683,911
209.73M",1B DOPU,
3859,"Doland Tremp
TREMP



Buy",$0.02 ,0.71%,1.86%,6.33%,"$1,551,889 ","$682,109
43.95M",99.99M TREMP,
3860,"PEPPER
PEPPER



Buy",$0.08 ,1.12%,3.38%,7.56%,"$19,366,841 ","$660,932
258.66T",7.57P PEPPER,
3862,"TDCCP
TDCCP



Buy",$0.27 ,0.75%,2.65%,13.64%,"$40,013,236 ","$646,243
2.42M",150M TDCCP,
3864,"Froge (ETH)
FROGE



Buy",$0.09 ,0.75%,7.75%,45.37%,"$4,201,355 ","$640,730
105.29T",690.42T FROGE,
3868,"LABUBU (labubu.farm)
LABUBU



Buy",$0.00 ,27.44%,257.16%,58.54%,"$2,072,695 ","$627,573
302.78M",1B LABUBU,
3869,"MISSION PAWSIBLE
MISSION



Buy",$0.00 ,0.10%,3.85%,8.60%,"$733,975 ","$621,902
61.34B",72.4B MISSION,
3871,"NianNian
NIANNIAN



Buy",$0.00 ,5.53%,28.88%,54.21%,"$2,028,074 ","$616,853
304.15M",1B NIANNIAN,
3872,"Belgian Malinois
BELG



Buy",$0.77 ,4.57%,65.17%,77.63%,"$772,421 ","$610,358
790.18K",1M BELG,
3888,"Trencher
TRENCHER



Buy",$0.00 ,1.09%,5.27%,24.92%,"$1,792,539 ","$552,952
308.44M",999.89M TRENCHER,
3893,"SNAP
$NAP



Buy",$0.05 ,0.62%,1.87%,4.99%,"$7,636,504 ","$535,458
115.22B",1.64T $NAP,
3894,"Nacho the Kat
NACHO



Buy",$0.00 ,0.30%,7.74%,3.35%,"$11,568,486 ","$532,755
13.21B",287B NACHO,
3904,"PepeAI
PEPEAI



Buy",$0.00 ,0.01%,7.84%,6.99%,"$108,150 ","$509,817
4.71B",1B PEPEAI,
3905,"STRATEGIC BITCOIN RESERVE
SBR



Buy",$0.04 ,0.02%,2.09%,8.66%,"$867,187 ","$504,421
12.23M",21.04M SBR,
3906,"Lester
LESTER



Buy",$0.00 ,0.06%,17.50%,13.19%,"$816,337 ","$503,700
505.95M",819.99M LESTER,
3909,"Lord Of SOL
LOS



Buy",$0.00 ,0.90%,1.61%,4.43%,"$318,835 ","$498,082
15.62B",9.99B LOS,
3912,"DNA
DNA



Buy",$0.01 ,1.42%,4.40%,7.97%,"$694,811 ","$497,030
30.09P",42.06P DNA,
3916,"GUMMY
GUMMY



Buy",$0.00 ,0.73%,1.38%,6.55%,"$837,820 ","$480,717
573.77M",1B GUMMY,
3917,"OnePiece
1PIECE



Buy",$0.00 ,0.92%,13.84%,40.78%,"$41,300,652 ","$478,884
1.15B",100B 1PIECE,
3918,"Jet2Holidays
JET2



Buy",$0.00 ,3.69%,15.29%,54.68%,"$110,994 ","$476,568
4.29B",999.89M JET2,
3919,"Shiba Inu TREAT
TREAT



Buy",$0.00 ,0.00%,0.67%,3.85%,"$949,426 ","$473,991
454.30M",910M TREAT,
3924,"Baby BFT
BBFT



Buy",$0.01 ,13.81%,8.74%,55.98%,"$19,833,124 ","$468,615
70.89M",3B BBFT,
3934,"DOGE-1 Satellite
DOGE-1



Buy",$0.00 ,0.43%,49.05%,65.64%,"$6,758,213 ","$443,209
455.26M",6.94B DOGE-1,
3935,"TENGE TENGE
TENGE



Buy",$0.00 ,3.41%,20.79%,17.33%,"$813,337 ","$441,990
543.42M",1B TENGE,
3936,"mini
MINI



Buy",$0.01 ,0.94%,9.29%,11.94%,"$7,407,764 ","$441,596
52.45M",879.91M MINI,
3951,"Higher
HIGHER



Buy",$0.00 ,8.15%,41.19%,24.86%,"$3,122,379 ","$413,669
132.48M",1B HIGHER,
3952,"PEPE
TRUMP



Buy",$0.07 ,9.68%,96.66%,95.62%,"$796,096 ","$411,250
10.84T",21T TRUMP,
3956,"Dickbutt
DICKBUTT



Buy",$0.00 ,0.37%,4.42%,15.74%,"$1,259,289 ","$397,659
29.20B",92.5B DICKBUTT,
3957,"The Bitcoin Mascot
BITTY



Buy",$0.01 ,0.94%,20.82%,1.00%,"$6,825,316 ","$392,070
57.44M",999.97M BITTY,
3958,"Cope
COPE



Buy",$0.00 ,1.62%,0.81%,55.92%,"$660,964 ","$390,315
575.44M",974.47M COPE,
3970,"Trust The Process
TRUST



Buy",$0.00 ,1.00%,2.24%,14.06%,"$389,661 ","$366,537
940.65M",999.99M TRUST,
3976,"Luigi Inu
LUIGI



Buy",$0.00 ,0.88%,8.90%,19.32%,"$24,412,821,135,415 ","$345,717
594.77M",42P LUIGI,
3983,"CaptainBNB
CaptainBNB



Buy",$0.00 ,1.41%,15.95%,2.13%,"$4,504,271 ","$340,720
75.64M",1B CaptainBNB,
3987,"KittyCake
KCAKE



Buy",$0.05 ,0.96%,0.91%,15.30%,"$332,028 ","$334,438
100.72B",100B KCAKE,
3989,"All Will Retire
AWR



Buy",$0.00 ,0.76%,6.69%,3.37%,"$4,236,540 ","$333,167
78.61M",999.67M AWR,
3990,"Miu
MIU



Buy",$0.07 ,0.68%,0.03%,4.15%,"$18,122,473 ","$331,398
16.45T",900T MIU,
3992,"Pundu
PUNDU



Buy",$0.00 ,0.77%,3.98%,6.34%,"$4,812,913 ","$329,729
68.22M",995.91M PUNDU,
3996,"Pi Network AI
PIAI



Buy",$0.01 ,0.58%,5.89%,14.50%,"$376,149 ","$322,678
36.62P",42.69P PIAI,
3998,"MikeToken
MKT



Buy",$0.08 ,0.04%,0.39%,2.91%,"$189,818 ","$321,455
256.92T",151.71T MKT,
3999,"Pond Coin
PNDC



Buy",$0.06 ,4.50%,2.71%,6.22%,"$2,408,830 ","$318,943
2.98T",22.55T PNDC,
4000,"BLUB
BLUB



Buy",$0.07 ,2.08%,0.40%,13.73%,"$5,081,923 ","$318,397
20.33T",324.64T BLUB,
4008,"Giko Cat
GIKO



Buy",$0.29 ,0.96%,1.39%,7.93%,"$2,896,350 ","$299,626
1.03M",9.99M GIKO,
4021,"Yes Coin (yescoins.cc)
YES



Buy",$0.05 ,0.01%,0.15%,14.29%,"$19,302,098 ","$287,815
148.81B",9.98T YES,
4025,"哈喽
哈喽



Buy",$0.00 ,2.14%,23.91%,28.13%,"$233,661 ","$283,326
1.21B",1B 哈喽,
4027,"Rato The Rat (ratotherat.com)
RATO



Buy",$0.07 ,1.18%,7.12%,0.84%,"$362,884 ","$279,076
323.53B",420.69B RATO,
4028,"PEPECASH (pepecash.live)
PECH



Buy",$0.08 ,1.30%,3.98%,52.94%,"$304,365 ","$276,860
90.96T",100T PECH,
4030,"LOULOU
LOULOU



Buy",$0.00 ,0.58%,11.58%,14.84%,"$1,881,439 ","$274,415
145.85M",1B LOULOU,
4036,"Memetic / PepeCoin
MEME



Buy",$0.00 ,1.85%,0.95%,3.57%,"$106,233 ","$266,701
108.60M",43.25M MEME,
4049,"COW
COW



Buy",$0.01 ,1.00%,6.66%,7.32%,"$14,998,647 ","$251,404
16.76M",1B COW,
4050,"Astherus
ASTHERUS



Buy",$0.00 ,6.97%,1.21%,11.04%,"$1,511,551 ","$251,130
166.14M",1B ASTHERUS,
4052,"Focai.fun
FOCAI



Buy",$0.00 ,2.67%,39.61%,0.69%,"$78,253 ","$241,860
3.09B",1B FOCAI,
4058,"Neiro Solana (neirobropump.com)
NEIRO



Buy",$0.00 ,2.31%,0.25%,3.95%,"$729,314 ","$236,321
324.03M",999.99M NEIRO,
4059,"Chill House
CHILLHOUSE



Buy",$0.00 ,1.52%,1.67%,28.65%,"$415,366,062 ","$234,194
56.38M",100B CHILLHOUSE,
4060,"GIFT
GIFT



Buy",$0.13 ,0.02%,0.02%,0.00%,"$392,596 ","$233,632
1.86M",3.14M GIFT,
4061,"Everybody Holds
HOLD



Buy",$0.00 ,0.14%,6.68%,9.03%,"$13,795,758 ","$233,231
471.33M",27.88B HOLD,
4066,"Dawg Coin
DAWG



Buy",$0.00 ,0.00%,1.08%,3.52%,"$117,724 ","$230,047
1.88B",964.77M DAWG,
4069,"Mooncat
MOONCAT



Buy",$0.00 ,0.34%,1.61%,7.89%,"$284,675,673 ","$227,590
79.94M",100B MOONCAT,
4070,"lilpump
LILPUMP



Buy",$0.00 ,0.77%,3.97%,2.22%,"$77,027 ","$226,718
2.94B",999.91M LILPUMP,
4085,"Cats (catshouse.live)
CATS



Buy",$0.05 ,0.44%,6.40%,3.48%,"$730,493 ","$217,810
178.90B",600B CATS,
4086,"Tema
TEMA



Buy",$0.00 ,3.70%,97.46%,88.90%,"$261,212 ","$217,320
831.96M",999.99M TEMA,
4101,"Dork Lord
DORKY



Buy",$0.03 ,0.25%,1.77%,9.35%,"$2,090,901 ","$209,762
6.96M",69.42M DORKY,
4102,"the face of sarcasm
KAPPA



Buy",$0.00 ,3.23%,8.44%,13.92%,"$77,790 ","$209,572
1.80B",669.45M KAPPA,
4103,"Bitcoin Bull
BTCBULL



Buy",$0.00 ,0.26%,4.93%,13.47%,"$9,565,867 ","$208,614
343.47M",15.75B BTCBULL,
4108,"KAKA
KAKA



Buy",$0.00 ,0.82%,5.90%,38.13%,"$106,360 ","$204,302
1.92B",1B KAKA,
4112,"Sendcoin
SEND



Buy",$0.00 ,0.82%,2.91%,23.15%,"$1,746,825 ","$199,890
57.21M",500M SEND,
4113,"GPTON
GPTON



Buy",$0.03 ,0.65%,1.80%,6.06%,"$29,700,133 ","$200,042
6.73M",999.99M GPTON,
4115,"RefundCoin
RFD



Buy",$0.05 ,0.01%,2.01%,6.13%,"$3,959,416 ","$197,394
49.85B",1T RFD,
4116,"Bonkers Meme Token
BNKRS



Buy",$0.00 ,0.13%,0.26%,26.98%,"$167,176 ","$196,925
1.15B",977.77M BNKRS,
4118,"Founder
FOUNDER



Buy",$0.00 ,2.32%,29.29%,9.88%,"$591,548 ","$194,792
329.29M",1B FOUNDER,
4121,"PEPECOIN
PEP



Buy",$0.00 ,0.68%,19.88%,56.77%,"$1,013,266 ","$191,919
189.40M",999.98M PEP,
4123,"Project89
PROJECT89



Buy",$0.00 ,0.58%,7.51%,96.85%,"$266,421 ","$189,614
711.70M",999.99M PROJECT89,
4125,"would
WOULD



Buy",$0.18 ,0.03%,17.28%,1.15%,"$178,763,198 ","$188,371
1.05M",999.45M WOULD,
4127,"BabySNEK
BBSNEK



Buy",$0.00 ,2.55%,1.42%,5.09%,"$3,112,332 ","$186,248
4.48B",74.93B BBSNEK,
4128,"Hello Kitty
KITTY



Buy",$0.00 ,2.38%,40.77%,113.82%,"$220,625 ","$185,849
842.00M",999.55M KITTY,
4132,"MATT
MATT



Buy",$0.06 ,0.03%,0.01%,0.07%,"$875,498 ","$183,611
20.97B",100B MATT,
4139,"Blue Snakes
SNAKES



Buy",$0.00 ,0.06%,18.26%,7.28%,"$93,876 ","$180,223
1.91B",1B SNAKES,
4140,"yellow ket
KET



Buy",$0.04 ,0.02%,7.00%,28.58%,"$42,932,410 ","$180,020
4.19M",1B KET,
4143,"Strawberry In Bloom
BERRY



Buy",$0.00 ,0.45%,9.78%,12.34%,"$346,824 ","$178,863
216.95M",420.69M BERRY,
4147,"WAGMI HUB
INFOFI



Buy",$0.00 ,0.09%,8.85%,5.03%,"$141,490 ","$178,125
1.25B",1B INFOFI,
4148,"Chimpzee
CHMPZ



Buy",$0.00 ,0.08%,1.59%,7.42%,"$341,738 ","$177,020
4.23B",8.16B CHMPZ,
4149,"tooker kurlson
TOOKER



Buy",$0.00 ,0.31%,10.72%,20.56%,"$341,277 ","$176,813
503.22M",971.3M TOOKER,
4150,"Bnb Tiger Inu
BNBTIGER



Buy",$0.01 ,0.61%,7.36%,19.26%,"$7,341,191 ","$176,402
24.02P",1E BNBTIGER,
4152,"Army
ARMY



Buy",$0.00 ,1.27%,7.59%,0.12%,"$2,421,121 ","$175,077
72.31M",1B ARMY,
4153,"INU
INU



Buy",$0.08 ,1.17%,14.50%,45.80%,"$334,222 ","$174,681
50.17T",96T INU,
4154,"Baby Aster
BABYASTER



Buy",$0.09 ,1.27%,67.38%,13.66%,"$113,043 ","$174,100
646.85T",420T BABYASTER,
4157,"Based Froc
FROC



Buy",$0.06 ,0.51%,10.71%,11.24%,"$672,811 ","$173,569
25.79B",100B FROC,
4170,"Mars Meme Inc
MARSMI



Buy",$0.13 ,1.09%,0.10%,3.05%,"$133,184,312 ","$162,982
1.22M",1B MARSMI,
4176,"Andrea Von Speed
ANDREA



Buy",$0.00 ,0.45%,4.07%,27.87%,"$232,934 ","$160,040
686.50M",999.19M ANDREA,
4181,"LABUBU
LABUBU



Buy",$0.00 ,1.06%,37.65%,62.86%,"$135,565 ","$155,056
1.14B",1B LABUBU,
4183,"Store of Value
VAL



Buy",$0.00 ,0.71%,17.87%,1189.01%,"$1,125,995 ","$154,281
136.92M",999.35M VAL,
4195,"NeonNeko
NEKO



Buy",$0.00 ,0.40%,2.07%,3.25%,"$40,404 ","$150,962
5.03B",1.34B NEKO,
4199,"TonCapy
TCAPY



Buy",$0.00 ,0.09%,49.28%,67.88%,"$17,985,006 ","$150,381
890.99M",106.56B TCAPY,
4206,"Candle Cat
CANDLE



Buy",$0.00 ,1.47%,1.48%,1.19%,"$375,109 ","$147,614
85.58M",217.48M CANDLE,
4207,"Greenchie
GNC



Buy",$0.06 ,0.26%,13.25%,32.11%,"$45,071 ","$146,730
390.66B",120B GNC,
4209,"Disco By Matt Furie
DISCO



Buy",$0.00 ,2.82%,16.47%,706.15%,"$701,455 ","$144,443
205.91M",1B DISCO,
4210,"gooncoin
GOONC



Buy",$0.00 ,0.11%,15.79%,28.59%,"$322,477 ","$143,593
445.28M",999.99M GOONC,
4211,"COCOCOIN
COCO



Buy",$0.00 ,0.19%,0.56%,1.14%,"$873,213 ","$142,840
5.59B",34.2B COCO,
4213,"[Fake] Wrapped COINBASE
COIN



Buy",$0.00 ,6.66%,57.16%,47.32%,"$9,171 ","$142,597
4.19B",270M COIN,
4214,"Safemoon CTO on Solana
SAFEMOONSOL



Buy",$0.00 ,0.54%,2.98%,7.66%,"$224,887 ","$141,974
367.61M",582.29M SAFEMOONSOL,
4215,"Palu (Ethereum)
PALU



Buy",$0.01 ,20.09%,15.64%,130.64%,"$452,046 ","$141,197
131.40P",420.69P PALU,
4224,"TOMCoin
TOM



Buy",$0.00 ,0.01%,2.17%,2.07%,"$2,391,060 ","$136,104
569.21M",10B TOM,
4226,"BOMET
BOMET



Buy",$0.00 ,7.09%,23.41%,106.83%,"$886,042 ","$135,077
91.47M",600M BOMET,
4228,"GOLDN
GOLDN



Buy",$0.00 ,2.04%,5.02%,1.59%,"$3,671,715 ","$134,635
110.06M",3B GOLDN,
4237,"Gold Standard
BAR



Buy",$1.01 ,0.02%,10.90%,3.64%,"$935,036 ","$131,308
129.51K",922.29K BAR,
4238,"CaoCao
CAOCAO



Buy",$0.11 ,0.85%,5.70%,7.61%,"$5,321,078 ","$130,967
1.23M",50M CAOCAO,
4239,"#1 Tiktok Squirrel
PEANUT



Buy",$0.00 ,1.23%,1.39%,5.91%,"$415,191 ","$130,359
313.95M",999.95M PEANUT,
4241,"Yellow BNB
YBNB



Buy",$0.00 ,12.49%,40.20%,40.20%,"$421,960 ","$128,439
304.38M",1B YBNB,
4244,"Unicorn
UWU



Buy",$0.00 ,0.52%,2.62%,12.64%,--,"$127,763
1.66B",0 UWU,
4249,"MAGA Trump
MAGATRUMP



Buy",$0.12 ,0.01%,2.37%,3.47%,"$124,058,839 ","$127,113
1.02M",1B MAGATRUMP,
4256,"Zen AI
ZENAI



Buy",$0.00 ,1.13%,3.42%,9.56%,"$72,538 ","$125,348
1.72B",999.99M ZENAI,
4263,"Tesla
TSLA



Buy",$10.62 ,14.28%,98.01%,61.59%,"$31,869,753 ","$121,830
11.46K",3M TSLA,
4265,"[Fake] Test (testtoken.me)
TST



Buy",$0.00 ,3.71%,167.11%,63.95%,"$37,506,051 ","$120,955
322.49M",100B TST,
4267,"Bird Dog
BIRDDOG



Buy",$0.05 ,0.00%,2.89%,8.14%,"$1,368,724 ","$120,256
36.96B",420.69B BIRDDOG,
4270,"Inu Hariko
HARIKO



Buy",$0.00 ,3.62%,50.22%,42.72%,"$192,549 ","$119,089
618.48M",1B HARIKO,
4273,"TEH EPIK DUCK
EPIK



Buy",$0.00 ,0.74%,2.80%,28.35%,"$2,236,840 ","$117,676
44.54M",846.67M EPIK,
4275,"BEENZ
BEENZ



Buy",$0.00 ,0.65%,0.67%,8.11%,"$159,079 ","$117,278
737.22M",999.98M BEENZ,
4280,"capybara
CAPY



Buy",$0.07 ,1.10%,11.71%,40.27%,"$986,000 ","$115,442
117.07B",999.95B CAPY,
4283,"Chinese Doge Wow
$CHIDO



Buy",$0.00 ,0.34%,20.04%,13.78%,"$858,982 ","$115,029
127.41M",951.47M $CHIDO,
4284,"TFNY
TFNY



Buy",$0.00 ,0.75%,0.46%,26.63%,"$171,520 ","$114,665
668.52M",1B TFNY,
4285,"Summit
SUMMIT



Buy",$0.00 ,3.46%,2.63%,5.92%,"$26,790,882 ","$113,450
7.91B",1.86T SUMMIT,
4286,"Four
FOUR



Buy",$0.02 ,5.35%,54.30%,47.78%,"$123,888 ","$113,154
7.30M",8M FOUR,
4290,"TrumpCoin
DJT



Buy",$0.00 ,8.68%,33.63%,63.54%,"$1,097,704 ","$111,381
1.01B",9.99B DJT,
4302,"Department of Gov Efficiency (deptofgovtefficiency.com)
DOGE



Buy",$0.03 ,1.32%,2.77%,10.90%,"$311,168 ","$108,166
3.47M",9.99M DOGE,
4303,"BNB DOG INU
BNBDOG



Buy",$0.01 ,1.01%,1.16%,0.74%,$3 ,"$107,727
3.56E",100T BNBDOG,
4306,"Baby 4
BABY4



Buy",$0.00 ,0.82%,7.40%,37.00%,"$1,001,606 ","$106,862
106.69M",1B BABY4,
4312,"Australian Safe Shepherd
ASS



Buy",$0.08 ,0.06%,1.28%,20.20%,"$15,149,329 ","$104,390
68.90T",10P ASS,
4317,"International Meme Fund
IMF



Buy",$0.00 ,1.03%,15.94%,15.94%,"$984,263 ","$102,431
104.06M",1B IMF,
4318,"Fi - Ai With Daddy Issues
SHEGEN



Buy",$0.00 ,0.21%,2.68%,9.28%,"$221,774 ","$102,337
461.43M",999.96M SHEGEN,
4321,"HIPPOP
HIP



Buy",$0.00 ,0.05%,0.35%,0.33%,"$384,324 ","$101,308
299.84M",1.13B HIP,
4326,"Project MIRAI
MIRAI



Buy",$0.00 ,0.66%,8.89%,14.79%,"$3,541,224 ","$99,017
27.96M",999.99M MIRAI,
4335,"Salamanca
DON



Buy",$0.00 ,1.05%,3.17%,0.11%,"$735,458 ","$97,512
132.58M",1B DON,
4336,"Hypurr Fun
HFUN



Buy",$36.40 ,0.00%,2.80%,8.39%,"$36,304,490 ","$97,190
2.66K",997.28K HFUN,
4339,"Ratscoin
RATS



Buy",$0.08 ,0.89%,22.69%,22.69%,"$46,748 ","$96,114
1.41T",690B RATS,
4344,"Base God
TYBG



Buy",$0.00 ,0.21%,5.86%,5.04%,"$6,325,263 ","$95,262
1.85B",122.95B TYBG,
4347,"SHARBI
SHARBI



Buy",$0.05 ,2.18%,7.38%,1.40%,"$170,842 ","$94,203
41.35B",74.99B SHARBI,
4363,"Santacoin
SANTA



Buy",$0.00 ,0.93%,4.23%,15.10%,"$132,729 ","$88,706
668.32M",1B SANTA,
4389,"Catana
CATANA



Buy",$0.00 ,1.36%,20.86%,29.42%,"$245,276 ","$82,483
336.28M",999.98M CATANA,
4396,"FIGHT TO MAGA
FIGHT



Buy",$0.00 ,0.41%,9.52%,2.32%,"$419,270 ","$79,684
190.05M",1B FIGHT,
4402,"mfercoin
$mfer



Buy",$0.01 ,0.14%,5.09%,18.96%,"$5,329,613 ","$79,026
14.82M",1B $mfer,
4410,"Pig Finance
PIG



Buy",$0.07 ,0.12%,3.11%,15.81%,--,"$77,612
2.58T",0 PIG,
4416,"Bobaoppa
BOBAOPPA



Buy",$0.00 ,0.02%,2.46%,21.57%,"$20,906,917 ","$76,304
182.48M",49.99B BOBAOPPA,
4424,"Clifford
CLIFFORD



Buy",$0.00 ,0.71%,17.44%,125.30%,"$977,357 ","$74,529
76.25M",1B CLIFFORD,
4429,"Kaspy
KASPY



Buy",$0.06 ,0.07%,9.60%,51.40%,"$2,089,122 ","$73,530
11.73B",333.33B KASPY,
4433,"Duck AI
DUCKAI



Buy",$0.00 ,1.07%,4.38%,13.92%,"$264,617 ","$72,920
275.56M",999.99M DUCKAI,
4439,"lmeow
LMEOW



Buy",$0.01 ,0.01%,6.73%,2.84%,"$6,643,593 ","$72,161
10.86M",1B LMEOW,
4442,"Satoshi AI agent by Virtuals
SAINT



Buy",$0.00 ,0.71%,4.24%,4.98%,"$262,252 ","$71,744
273.49M",999.72M SAINT,
4447,"Sora
SORA



Buy",$0.00 ,0.02%,0.23%,5.97%,"$67,394 ","$71,237
1.05B",1B SORA,
4457,"Naiive
NAIIVE



Buy",$0.00 ,1.53%,10.69%,38.80%,"$287,183 ","$69,258
241.16M",1B NAIIVE,
4464,"Anita AI
ANITA



Buy",$0.00 ,0.42%,3.21%,16.54%,"$1,713,037 ","$68,556
40.02M",999.99M ANITA,
4461,"Fusaka
FUSAKA



Buy",$0.05 ,0.10%,4.48%,24.78%,"$1,166,349 ","$68,475
24.69B",420.69B FUSAKA,
4478,"ANALOS
LOS



Buy",$0.00 ,2.71%,22.28%,23.54%,"$1,063,804 ","$66,007
62.04M",999.98M LOS,
4499,"LANDWOLF (AVAX)
WOLF



Buy",$0.05 ,0.05%,0.27%,16.35%,"$911,154 ","$61,989
37.41B",550B WOLF,
4505,"Real Nigger Tate
RNT



Buy",$0.00 ,0.58%,2.47%,6.64%,"$1,647,328 ","$61,490
37.32M",999.96M RNT,
4505,"Luminous
LUM



Buy",$0.82 ,4.37%,3.82%,33.26%,"$815,280 ","$60,965
74.77K",1M LUM,
4511,"Wall Street Baby
WSB



Buy",$0.09 ,0.62%,0.88%,0.25%,"$370,657 ","$59,862
11.17T",69.18T WSB,
4513,"Official Crypto Nostra
OCN



Buy",$0.00 ,1.74%,1.48%,11.79%,"$3,108,557 ","$59,716
38.42M",2B OCN,
4523,"Kekius Maximus (kekius.club)
$KEKIUS



Buy",$0.01 ,2.82%,59.38%,101.65%,"$34,580 ","$59,008
71.78P",42.06P $KEKIUS,
4533,"PiP (Hyperliquid)
PIP



Buy",$10.50 ,0.29%,5.15%,26.01%,"$8,260,178 ","$57,142
5.43K",786.09K PIP,
4534,"BURT
BURT



Buy",$0.00 ,0.22%,16.12%,30.40%,"$239,440 ","$57,105
238.49M",1B BURT,
4542,"Ross Ulbricht
ROSS



Buy",$0.00 ,1.41%,1.34%,4.33%,"$71,990 ","$56,530
784.81M",999.44M ROSS,
4545,"AVAX HAS NO CHILL
NOCHILL



Buy",$0.00 ,0.35%,2.96%,17.56%,"$3,161,976 ","$56,171
27.53M",1.55B NOCHILL,
4547,"Max on ETH
MAXETH



Buy",$0.05 ,0.12%,5.43%,5.08%,"$1,495,772 ","$56,059
37.47B",1T MAXETH,
4551,"alright buddy
BUDDY



Buy",$0.00 ,0.17%,10.89%,32.25%,"$3,192,444 ","$55,454
17.37M",1B BUDDY,
4557,"PIZA (Ordinals)
PIZA



Buy",$0.01 ,0.50%,0.65%,18.92%,"$170,172 ","$54,591
6.73M",21M PIZA,
4558,"Snake wif Hat
SSSSS



Buy",$0.00 ,4.61%,3.10%,12.61%,"$62,024 ","$53,764
866.80M",999.95M SSSSS,
4559,"Binance's Palu
PALU



Buy",$0.00 ,0.93%,14.27%,70.97%,"$159,551 ","$53,593
335.89M",1B PALU,
4564,"Lily's Coin
LILY



Buy",$0.00 ,3.36%,0.61%,1.73%,"$36,138 ","$53,057
30.83M",21M LILY,
4565,"ADA
ADASOL



Buy",$0.00 ,1.41%,0.54%,18.29%,"$348,076 ","$53,028
152.32M",999.87M ADASOL,
4567,"Based Blu Alien
BLU



Buy",$0.00 ,2.29%,1.44%,2.92%,"$13,406 ","$52,805
3.93B",1B BLU,
4569,"Neiro Inu
NEIROINU



Buy",$0.08 ,0.29%,4.03%,3.03%,"$16,444 ","$52,707
780.50B",243.5B NEIROINU,
4571,"Morning Routine
ROUTINE



Buy",$0.00 ,0.01%,2.00%,16.33%,"$97,980 ","$52,515
535.89M",999.85M ROUTINE,
4572,"CUTTLEFISHY
CUUT



Buy",$0.00 ,5.11%,0.72%,5.90%,"$14,406 ","$52,475
3.64B",999.96M CUUT,
4577,"monkeyhaircut
MONK



Buy",$0.00 ,0.92%,0.74%,1.37%,"$342,385 ","$51,944
151.67M",999.73M MONK,
4578,"Goku Super Saiyan
GOKU



Buy",$0.00 ,0.49%,2.77%,10.48%,"$2,543,623 ","$51,889
20.39M",999.99M GOKU,
4584,"Purple Fwog
PWOG



Buy",$0.07 ,11.66%,5.97%,318.37%,"$59,115 ","$51,133
55.09B",63.69B PWOG,
4589,"Donald Trump
TRUMP



Buy",$0.00 ,2.95%,0.04%,1.43%,"$70,006 ","$50,546
721.77M",999.66M TRUMP,
4591,"ROCK
ROCK



Buy",$0.00 ,3.40%,0.97%,2.16%,"$59,227 ","$50,526
853.10M",1B ROCK,
4592,"OFFICIAL TRUMP JR
TRUMPJR



Buy",$0.00 ,2.67%,2.84%,3.39%,"$14,546 ","$50,257
3.45B",999.96M TRUMPJR,
4594,"Mumu
MUMU



Buy",$0.08 ,0.57%,8.50%,28.67%,"$892,650 ","$49,957
38.89T",695.03T MUMU,
4600,"Sugar
SUGR



Buy",$0.00 ,0.31%,0.67%,0.97%,"$281,208 ","$49,399
166.87M",949.92M SUGR,
4601,"Hachiko
HACHI



Buy",$0.00 ,1.71%,15.06%,15.00%,"$59,383 ","$49,244
829.26M",1B HACHI,
4604,"Gekko HQ
GEKKO



Buy",$0.05 ,0.69%,1.48%,2.19%,"$152,578,180 ","$49,112
26.81B",83.32T GEKKO,
4606,"Baby Fwog
BABYFWOG



Buy",$0.00 ,0.13%,4.35%,8.50%,"$148,563 ","$49,035
330.06M",1B BABYFWOG,
4613,"cwoin
CWOIN



Buy",$0.00 ,6.79%,26.15%,24.40%,"$113,988 ","$48,370
424.34M",1B CWOIN,
4614,"Get AI
GET



Buy",$1.26 ,1.57%,5.34%,15.65%,"$692,973,646 ","$48,402
38.20K",547M GET,
4618,"Salute
SLT



Buy",$0.00 ,9.29%,24.25%,15.28%,"$9,976,226 ","$48,060
481.74M",100B SLT,
4619,"Guanciale by Virtuals
GUAN



Buy",$0.00 ,1.36%,0.83%,7.96%,"$218,780 ","$47,896
216.81M",990.34M GUAN,
4620,"PopDog
POPDOG



Buy",$0.00 ,0.74%,0.98%,0.16%,"$632,260 ","$47,858
75.67M",999.79M POPDOG,
4619,"Mind of Pepe
MIND



Buy",$0.00 ,0.41%,1.48%,8.54%,"$5,157,095 ","$47,538
236.82M",25.69B MIND,
4622,"Yes Chad
YES



Buy",$0.00 ,6.41%,0.03%,3.73%,"$83,035 ","$47,289
569.50M",1B YES,
4625,"LAIKA The Cosmodog
LAIKA



Buy",$0.05 ,0.02%,2.53%,3.83%,"$1,530,648 ","$47,101
30.77B",1T LAIKA,
4624,"KAIKO
KAI



Buy",$0.00 ,0.72%,6.72%,9.53%,"$3,665,288 ","$47,029
12.83M",999.99M KAI,
4631,"BARK
BARK



Buy",$0.00 ,0.00%,1.19%,0.63%,"$16,207 ","$46,797
2.88B",1B BARK,
4634,"TORA NEKO
TORA



Buy",$0.00 ,0.24%,1.43%,0.02%,"$40,617 ","$46,203
113.75M",100M TORA,
4633,"TROPPY
TROPPY



Buy",$0.08 ,1.85%,1.34%,0.02%,"$41,792 ","$45,827
461.30B",420.69B TROPPY,
4648,"All Street Bets
BETS



Buy",$0.00 ,1.87%,1.85%,1.28%,"$157,067 ","$44,387
2.82B",10B BETS,
4649,"HOLO (holol0gs.lovable.app)
HOLO



Buy",$0.00 ,0.02%,77.38%,136.11%,"$549,932 ","$44,100
80.19M",1B HOLO,
4669,"Candle TV
CANDLE



Buy",$0.00 ,1.25%,1.75%,4.48%,"$17,511,341 ","$40,418
23.08M",9.99B CANDLE,
4671,"Puff The Dragon
PUFF



Buy",$0.09 ,0.12%,0.16%,1.57%,"$51,761,368 ","$40,356
459.12K",588.88M PUFF,
4673,"CorgiAI
CORGIAI



Buy",$0.00 ,1.03%,2.78%,3.50%,"$38,736,232 ","$40,223
356.71M",343.52B CORGIAI,
4676,"PVC Meta
PVC



Buy",$0.01 ,0.93%,1.37%,14.04%,"$17,359,283 ","$39,938
3.45M",1.5B PVC,
4680,"SmartMall
SMT



Buy",$1.01 ,1.28%,2.31%,2.17%,"$85,472,091 ","$38,648
37.95K",83.93M SMT,
4683,"DOGEN
DOGEN



Buy",$0.00 ,0.78%,0.04%,5.60%,"$109,366 ","$38,123
348.58M",1B DOGEN,
4691,"Bitcoin Cats
1CAT



Buy",$0.00 ,0.04%,4.31%,9.26%,"$1,067,127 ","$37,299
174.76M",5B 1CAT,
4694,"Chengpang Zhoa
ZHOA



Buy",$0.00 ,0.62%,26.51%,20.19%,"$215,392 ","$36,807
170.88M",1B ZHOA,
4697,"Sympson AI
$SYMP



Buy",$0.00 ,4.27%,1.51%,41.40%,"$964,411 ","$35,977
37.30M",1B $SYMP,
4706,"Baby Ethereum
BABYETH



Buy",$0.00 ,0.12%,23.71%,24.24%,"$70,573 ","$33,992
240.82M",500M BABYETH,
4720,"ARE YA WINNING, SON?
SON



Buy",$0.00 ,1.11%,3.53%,13.60%,"$950,878 ","$32,336
34.00M",1B SON,
4725,"BilliCat
BCAT



Buy",$0.03 ,1.14%,6.08%,14.73%,"$2,084,758 ","$31,832
1.09M",71.54M BCAT,
4731,"Finvesta
FINVESTA



Buy",$5.92 ,0.41%,15.61%,1.43%,"$6,503,349 ","$31,355
5.29K",1.09M FINVESTA,
4738,"Moo
MOO



Buy",$0.10 ,0.66%,12.89%,19.73%,"$278,950 ","$30,807
46.38T",420T MOO,
4741,"Timeless
TIMELESS



Buy",$0.00 ,1.16%,21.09%,31.61%,"$55,181 ","$30,743
557.12M",1B TIMELESS,
4759,"Book of Binance
BOOK



Buy",$0.00 ,0.97%,1.92%,6.42%,"$1,784,628 ","$29,103
6.84M",420M BOOK,
4761,"Kurt
KURT



Buy",$0.00 ,1.62%,0.90%,30.07%,"$461,126 ","$28,974
62.83M",1B KURT,
4768,"Guacamole
GUAC



Buy",$0.07 ,0.50%,3.82%,12.78%,"$1,880,130 ","$28,679
1.50T",98.99T GUAC,
4769,"Pug Inu
PUG



Buy",$0.10 ,0.62%,15.47%,9.14%,"$279,666 ","$28,639
43.00T",420T PUG,
4774,"smolecoin
SMOLE



Buy",$0.00 ,1.42%,3.93%,6.44%,"$19,446,452 ","$28,666
619.12M",420B SMOLE,
4772,"SafeMoon V2
SFM



Buy",$0.06 ,6.27%,0.90%,3.62%,"$2,454,754 ","$28,469
4.32B",372.59B SFM,
4780,"CROAK
C



Buy",$0.00 ,0.11%,5.78%,19.37%,"$44,921 ","$27,199
605.48M",1B C,
4783,"MemePad
MEPAD



Buy",$0.00 ,0.02%,3.99%,13.36%,"$787,716 ","$27,100
15.60M",453.53M MEPAD,
4785,"Evil Larry
LARRY



Buy",$0.02 ,1.31%,0.13%,25.23%,"$15,068,637 ","$27,037
1.79M",999.44M LARRY,
4791,"Moon
MOON



Buy",$0.00 ,0.97%,31.46%,59.07%,"$190,358 ","$26,481
139.11M",1B MOON,
4790,"Boopa
BOOPA



Buy",$0.00 ,0.35%,2.84%,30.77%,"$108,556 ","$26,268
241.97M",1B BOOPA,
4779,"Nasdaq420
NASDAQ420



Buy",$0.00 ,9.11%,3.14%,15.40%,"$2,425,496 ","$27,554
11.35M",1B NASDAQ420,
4803,"Valentine Grok Companion (valentinebase.xyz)
VALENTINE



Buy",$0.00 ,1.55%,3.11%,23.98%,"$335,442 ","$25,501
76.02M",1B VALENTINE,
4805,"Skulls of Pepe Token
SKOP



Buy",$0.01 ,0.14%,1.52%,12.40%,"$1,191,559 ","$25,183
3.17M",150M SKOP,
4817,"Landwolf (firstlandwolfeth)
WOLF



Buy",$0.00 ,1.17%,2.59%,36.05%,"$5,022,492 ","$24,271
1.57B",325B WOLF,
4824,"Sponge
$SPONGE



Buy",$0.00 ,0.59%,0.05%,2.09%,"$8,114,642 ","$23,503
71.40M",24.65B $SPONGE,
4830,"WASSIE
WASSIE



Buy",$0.05 ,0.02%,14.26%,9.32%,"$1,421,980 ","$23,049
11.10B",684.89B WASSIE,
4832,"Lumint
LUMINT



Buy",$0.07 ,0.18%,0.79%,0.13%,"$203,617,808 ","$22,859
336.79K",3B LUMINT,
4835,"Conan
CONAN



Buy",$0.00 ,0.01%,14.26%,24.79%,"$4,728,699 ","$22,517
4.76M",999.99M CONAN,
4840,"Pepper
PEPPER



Buy",$0.00 ,0.17%,0.95%,31.75%,"$3,802,639 ","$22,367
5.88M",1B PEPPER,
4849,"XiaoBai (xiaobai.digital)
XIAOBAI



Buy",$0.09 ,0.57%,9.08%,57.40%,"$421,609 ","$21,800
51.70T",1P XIAOBAI,
4851,"DEGOD
DEGOD



Buy",$0.00 ,0.38%,3.20%,1.76%,"$9,271,848 ","$21,620
23.31M",10B DEGOD,
4853,"Own The Doge
DOG



Buy",$0.00 ,0.04%,1.93%,3.49%,"$25,782,669 ","$21,435
12.69M",15.27B DOG,
4856,"ChompCoin
CHOMP



Buy",$0.03 ,2.06%,1.80%,39.10%,"$3,162,590 ","$21,388
676.28K",100M CHOMP,
4857,"Binanciens
BINANCIENS



Buy",$0.00 ,0.20%,14.71%,30.65%,"$126,727 ","$21,329
168.30M",1B BINANCIENS,
4865,"Mao
MAO



Buy",$0.00 ,0.03%,1.46%,45.93%,"$205,129 ","$20,753
101.17M",1B MAO,
4869,"FEAR NOT
FEARNOT



Buy",$0.07 ,0.05%,6.36%,14.57%,"$367,779 ","$20,706
23.68B",420.69B FEARNOT,
4867,"BabyBuilder
BBOB



Buy",$0.00 ,0.53%,20.72%,10.88%,"$245,277 ","$20,702
84.40M",1B BBOB,
4882,"GUGO
GUGO



Buy",$0.00 ,3.65%,15.85%,38.44%,"$2,057,467 ","$20,163
9.70M",990.09M GUGO,
4883,"FUD
FUD



Buy",$0.07 ,1.82%,0.14%,50.89%,"$2,091,578 ","$20,160
554.23B",57.5T FUD,
